ISO-10303-21;
HEADER;
/* Generated by software containing ST-Developer
 * from STEP Tools, Inc. (www.steptools.com) 
 */
/* OPTION: using custom renumber hook */

FILE_DESCRIPTION(
/* description */ ('STEP AP242 Edition 2',
'CAx-IF Rec.Pracs.---Representation and Presentation of Product Manufa
cturing Information (PMI)---4.0---2014-10-13',
'CAx-IF Rec.Pracs.---3D Tessellated Geometry---0.4---2014-09-14','2;1',
'CAx-IF Rec.Pracs.---User Defined Attributes---1.5---2016-08-15'),
/* implementation_level */ '2;1');

FILE_NAME(
/* name */ 'Part Studio 1',
/* time_stamp */ '2026-05-04T03:29:41Z',
/* author */ (''),
/* organization */ (''),
/* preprocessor_version */ 'ST-DEVELOPER v20',
/* originating_system */ 'ONSHAPE BY PTC INC, 1.214',
/* authorisation */ '  ');

FILE_SCHEMA (('AP242_MANAGED_MODEL_BASED_3D_ENGINEERING_MIM_LF { 1 0 10303 442 3 1 4 }'));
ENDSEC;

DATA;
#10=SHAPE_REPRESENTATION_RELATIONSHIP('','',#1407,#13);
#11=SHAPE_REPRESENTATION_RELATIONSHIP('','',#1408,#14);
#12=SHAPE_REPRESENTATION_RELATIONSHIP('','',#1409,#15);
#13=ADVANCED_BREP_SHAPE_REPRESENTATION('',(#1401),#3874);
#14=ADVANCED_BREP_SHAPE_REPRESENTATION('',(#1402),#3875);
#15=ADVANCED_BREP_SHAPE_REPRESENTATION('',(#1403),#3876);
#16=CYLINDRICAL_SURFACE('',#1425,0.0254);
#17=CYLINDRICAL_SURFACE('',#1428,0.0254);
#18=CYLINDRICAL_SURFACE('',#1431,0.0254);
#19=CYLINDRICAL_SURFACE('',#1434,0.0254);
#20=CYLINDRICAL_SURFACE('',#1457,0.0254);
#21=CYLINDRICAL_SURFACE('',#1461,0.0254);
#22=CYLINDRICAL_SURFACE('',#1465,0.0254);
#23=CYLINDRICAL_SURFACE('',#1469,0.0254);
#24=CYLINDRICAL_SURFACE('',#1475,0.0254);
#25=CYLINDRICAL_SURFACE('',#1479,0.009525);
#26=CYLINDRICAL_SURFACE('',#1484,0.009525);
#27=CYLINDRICAL_SURFACE('',#1488,0.00571319064984703);
#28=CYLINDRICAL_SURFACE('',#1492,0.00373582814901919);
#29=CYLINDRICAL_SURFACE('',#1505,0.0254);
#30=CYLINDRICAL_SURFACE('',#1508,0.0254);
#31=CYLINDRICAL_SURFACE('',#1511,0.0254);
#32=CYLINDRICAL_SURFACE('',#1514,0.0254);
#33=CYLINDRICAL_SURFACE('',#1518,0.000745430000839167);
#34=CYLINDRICAL_SURFACE('',#1521,0.000628785911091193);
#35=B_SPLINE_SURFACE_WITH_KNOTS('',3,1,((#2189,#2190),(#2191,#2192),(#2193,
#2194),(#2195,#2196),(#2197,#2198),(#2199,#2200),(#2201,#2202),(#2203,#2204),
(#2205,#2206),(#2207,#2208),(#2209,#2210)),.SURF_OF_LINEAR_EXTRUSION.,.F.,
 .F.,.F.,(4,1,1,1,1,1,1,1,4),(2,2),(0.129429609014532,0.154053038346339,
0.178676467678145,0.203299897009952,0.227923326341759,0.252546755673565,
0.277170185005372,0.301793614337178,0.326417043668985),(0.,1.),
 .UNSPECIFIED.);
#36=B_SPLINE_SURFACE_WITH_KNOTS('',3,1,((#2233,#2234),(#2235,#2236),(#2237,
#2238),(#2239,#2240)),.SURF_OF_LINEAR_EXTRUSION.,.F.,.F.,.F.,(4,4),(2,2),
(0.329548084215212,0.365165690086801),(0.,1.),.PIECEWISE_BEZIER_KNOTS.);
#37=B_SPLINE_SURFACE_WITH_KNOTS('',3,1,((#2283,#2284),(#2285,#2286),(#2287,
#2288),(#2289,#2290),(#2291,#2292),(#2293,#2294),(#2295,#2296),(#2297,#2298),
(#2299,#2300),(#2301,#2302),(#2303,#2304),(#2305,#2306),(#2307,#2308),(#2309,
#2310),(#2311,#2312),(#2313,#2314),(#2315,#2316),(#2317,#2318),(#2319,#2320),
(#2321,#2322),(#2323,#2324),(#2325,#2326),(#2327,#2328),(#2329,#2330),(#2331,
#2332),(#2333,#2334),(#2335,#2336),(#2337,#2338),(#2339,#2340),(#2341,#2342),
(#2343,#2344),(#2345,#2346),(#2347,#2348),(#2349,#2350),(#2351,#2352)),
 .SURF_OF_LINEAR_EXTRUSION.,.F.,.F.,.F.,(4,1,1,1,1,1,1,1,1,1,1,1,1,1,1,
1,1,1,1,1,1,1,1,1,1,1,1,1,1,1,1,1,4),(2,2),(0.369021372458884,0.388739454569544,
0.408457536680204,0.428175618790864,0.447893700901524,0.467611783012184,
0.487329865122843,0.507047947233503,0.526766029344163,0.546484111454823,
0.566202193565483,0.585920275676143,0.605638357786803,0.625356439897462,
0.645074522008122,0.664792604118782,0.684510686229442,0.704228768340102,
0.723946850450762,0.743664932561422,0.763383014672082,0.783101096782741,
0.802819178893401,0.822537261004061,0.842255343114721,0.861973425225381,
0.881691507336041,0.901409589446701,0.921127671557361,0.94084575366802,
0.96056383577868,0.98028191788934,1.),(0.,1.),.UNSPECIFIED.);
#38=B_SPLINE_SURFACE_WITH_KNOTS('',3,1,((#2573,#2574),(#2575,#2576),(#2577,
#2578),(#2579,#2580)),.SURF_OF_LINEAR_EXTRUSION.,.F.,.F.,.F.,(4,4),(2,2),
(0.109887339058034,0.129386482701527),(0.,1.),.PIECEWISE_BEZIER_KNOTS.);
#39=B_SPLINE_SURFACE_WITH_KNOTS('',3,1,((#2704,#2705),(#2706,#2707),(#2708,
#2709),(#2710,#2711),(#2712,#2713),(#2714,#2715),(#2716,#2717),(#2718,#2719)),
 .SURF_OF_LINEAR_EXTRUSION.,.F.,.F.,.F.,(4,1,1,1,1,4),(2,2),(0.,0.0268329936409166,
0.0536659872818331,0.0670824841022914,0.0804989809227497,0.107331974563666),
(0.,1.),.UNSPECIFIED.);
#40=B_SPLINE_SURFACE_WITH_KNOTS('',3,1,((#2742,#2743),(#2744,#2745),(#2746,
#2747),(#2748,#2749),(#2750,#2751),(#2752,#2753),(#2754,#2755),(#2756,#2757),
(#2758,#2759),(#2760,#2761),(#2762,#2763),(#2764,#2765),(#2766,#2767),(#2768,
#2769),(#2770,#2771),(#2772,#2773),(#2774,#2775),(#2776,#2777),(#2778,#2779)),
 .SURF_OF_LINEAR_EXTRUSION.,.F.,.F.,.F.,(4,1,1,1,1,1,1,1,1,1,1,1,1,1,1,
1,4),(2,2),(0.,0.125,0.1875,0.25,0.375,0.5,0.5625,0.625,0.6875,0.75,0.8125,
0.84375,0.875,0.90625,0.9375,0.96875,1.),(0.,1.),.UNSPECIFIED.);
#41=B_SPLINE_SURFACE_WITH_KNOTS('',3,1,((#2872,#2873),(#2874,#2875),(#2876,
#2877),(#2878,#2879),(#2880,#2881),(#2882,#2883),(#2884,#2885),(#2886,#2887),
(#2888,#2889),(#2890,#2891),(#2892,#2893),(#2894,#2895),(#2896,#2897),(#2898,
#2899),(#2900,#2901),(#2902,#2903),(#2904,#2905),(#2906,#2907),(#2908,#2909),
(#2910,#2911),(#2912,#2913)),.SURF_OF_LINEAR_EXTRUSION.,.F.,.F.,.F.,(4,
1,1,1,1,1,1,1,1,1,1,1,1,1,1,1,1,1,4),(2,2),(0.,0.0625,0.125,0.1875,0.25,
0.3125,0.375,0.4375,0.5,0.53125,0.5625,0.625,0.6875,0.71875,0.75,0.8125,
0.875,0.9375,1.),(0.,1.),.UNSPECIFIED.);
#42=B_SPLINE_SURFACE_WITH_KNOTS('',3,1,((#2927,#2928),(#2929,#2930),(#2931,
#2932),(#2933,#2934)),.SURF_OF_LINEAR_EXTRUSION.,.F.,.F.,.F.,(4,4),(2,2),
(0.,1.),(0.,1.),.PIECEWISE_BEZIER_KNOTS.);
#43=B_SPLINE_SURFACE_WITH_KNOTS('',3,1,((#2940,#2941),(#2942,#2943),(#2944,
#2945),(#2946,#2947),(#2948,#2949),(#2950,#2951),(#2952,#2953),(#2954,#2955),
(#2956,#2957),(#2958,#2959),(#2960,#2961),(#2962,#2963),(#2964,#2965),(#2966,
#2967),(#2968,#2969),(#2970,#2971),(#2972,#2973),(#2974,#2975),(#2976,#2977),
(#2978,#2979),(#2980,#2981)),.SURF_OF_LINEAR_EXTRUSION.,.F.,.F.,.F.,(4,
1,1,1,1,1,1,1,1,1,1,1,1,1,1,1,1,1,4),(2,2),(0.,0.0619590921467221,0.0929386382200832,
0.123918184293444,0.185877276440166,0.247836368586888,0.309795460733611,
0.371754552880333,0.433713645027055,0.495672737173777,0.557631829320499,
0.619590921467221,0.681550013613943,0.743509105760665,0.774488651834026,
0.805468197907388,0.86742729005411,0.929386382200832,0.991345474347554),
(0.,1.),.UNSPECIFIED.);
#44=B_SPLINE_SURFACE_WITH_KNOTS('',3,1,((#2996,#2997),(#2998,#2999),(#3000,
#3001),(#3002,#3003),(#3004,#3005)),.SURF_OF_LINEAR_EXTRUSION.,.F.,.F.,
 .F.,(4,1,4),(2,2),(-0.00494239383828399,0.497528803080858,1.),(0.,1.),
 .UNSPECIFIED.);
#45=B_SPLINE_SURFACE_WITH_KNOTS('',3,1,((#3030,#3031),(#3032,#3033),(#3034,
#3035),(#3036,#3037)),.SURF_OF_LINEAR_EXTRUSION.,.F.,.F.,.F.,(4,4),(2,2),
(0.99208421756009,0.996251552126133),(0.,1.),.PIECEWISE_BEZIER_KNOTS.);
#46=B_SPLINE_SURFACE_WITH_KNOTS('',3,1,((#3038,#3039),(#3040,#3041),(#3042,
#3043),(#3044,#3045),(#3046,#3047),(#3048,#3049),(#3050,#3051),(#3052,#3053),
(#3054,#3055),(#3056,#3057),(#3058,#3059),(#3060,#3061),(#3062,#3063),(#3064,
#3065),(#3066,#3067),(#3068,#3069),(#3070,#3071),(#3072,#3073),(#3074,#3075),
(#3076,#3077),(#3078,#3079),(#3080,#3081),(#3082,#3083),(#3084,#3085),(#3086,
#3087),(#3088,#3089),(#3090,#3091),(#3092,#3093),(#3094,#3095),(#3096,#3097),
(#3098,#3099)),.SURF_OF_LINEAR_EXTRUSION.,.T.,.F.,.F.,(1,3,1,1,1,1,1,1,
1,1,1,1,1,1,1,1,1,1,1,1,1,1,1,1,1,1,1,1,1,3,1),(2,2),(-0.0219591166363563,
0.,0.0389187351568926,0.0548847728506808,0.100606251422956,0.114834936762602,
0.16481784760309,0.178243626079652,0.234977752379248,0.252756350991219,
0.315742809444282,0.334195130572236,0.378283802841179,0.395242272036438,
0.458759966864945,0.478270929018535,0.548950467459249,0.560480353646501,
0.642992844455522,0.660234048823885,0.712873040071425,0.722664009749159,
0.77561047650057,0.790251401869675,0.848222817488122,0.858843648815787,
0.914697615459713,0.929388648201934,0.978040883363644,1.,1.03891873515689),
(0.,1.),.UNSPECIFIED.);
#47=B_SPLINE_SURFACE_WITH_KNOTS('',3,1,((#3161,#3162),(#3163,#3164),(#3165,
#3166),(#3167,#3168),(#3169,#3170),(#3171,#3172),(#3173,#3174),(#3175,#3176),
(#3177,#3178),(#3179,#3180),(#3181,#3182),(#3183,#3184),(#3185,#3186)),
 .SURF_OF_LINEAR_EXTRUSION.,.T.,.F.,.F.,(1,3,1,1,1,1,1,1,1,1,1,3,1),(2,
2),(-0.074722487937916,0.,0.120630548424434,0.283230981812458,0.348835641300304,
0.457391353720754,0.548178622568917,0.605866223359781,0.652798531227341,
0.823638251173428,0.925277512062084,1.,1.12063054842443),(0.,1.),
 .UNSPECIFIED.);
#48=B_SPLINE_SURFACE_WITH_KNOTS('',3,1,((#3277,#3278),(#3279,#3280),(#3281,
#3282),(#3283,#3284),(#3285,#3286),(#3287,#3288),(#3289,#3290),(#3291,#3292),
(#3293,#3294),(#3295,#3296),(#3297,#3298),(#3299,#3300),(#3301,#3302),(#3303,
#3304),(#3305,#3306),(#3307,#3308),(#3309,#3310),(#3311,#3312),(#3313,#3314),
(#3315,#3316),(#3317,#3318),(#3319,#3320),(#3321,#3322),(#3323,#3324)),
 .SURF_OF_LINEAR_EXTRUSION.,.T.,.F.,.F.,(1,3,1,1,1,1,1,1,1,1,1,1,1,1,1,
1,1,1,1,1,1,1,3,1),(2,2),(-0.0385767482903707,0.,0.11794341983328,0.154795960938492,
0.192921790684648,0.234221511978327,0.268841024237968,0.299656053599535,
0.337665139848471,0.355261200716118,0.394005918379235,0.41709235731244,
0.452128504926593,0.486345410667103,0.521596891467277,0.548525900953774,
0.62017642513534,0.664696959966399,0.789981551223456,0.843386462495736,
0.92419586035091,0.961423251709629,1.,1.11794341983328),(0.,1.),
 .UNSPECIFIED.);
#49=B_SPLINE_SURFACE_WITH_KNOTS('',3,1,((#3387,#3388),(#3389,#3390),(#3391,
#3392),(#3393,#3394),(#3395,#3396),(#3397,#3398),(#3399,#3400),(#3401,#3402),
(#3403,#3404),(#3405,#3406),(#3407,#3408),(#3409,#3410),(#3411,#3412),(#3413,
#3414),(#3415,#3416),(#3417,#3418),(#3419,#3420)),
 .SURF_OF_LINEAR_EXTRUSION.,.T.,.F.,.F.,(1,3,1,1,1,1,1,1,1,1,1,1,1,1,1,
3,1),(2,2),(-0.065559463993813,0.,0.115668667190641,0.217086778480807,0.258839554882121,
0.329001038750915,0.386633559082014,0.432941980211511,0.503596309074098,
0.552869938254285,0.609296937775906,0.688943982985941,0.791491552891843,
0.84916574463358,0.934440536006187,1.,1.11566866719064),(0.,1.),
 .UNSPECIFIED.);
#50=B_SPLINE_SURFACE_WITH_KNOTS('',3,1,((#3709,#3710),(#3711,#3712),(#3713,
#3714),(#3715,#3716),(#3717,#3718),(#3719,#3720),(#3721,#3722),(#3723,#3724),
(#3725,#3726),(#3727,#3728),(#3729,#3730),(#3731,#3732),(#3733,#3734),(#3735,
#3736),(#3737,#3738),(#3739,#3740),(#3741,#3742),(#3743,#3744),(#3745,#3746),
(#3747,#3748),(#3749,#3750),(#3751,#3752),(#3753,#3754),(#3755,#3756),(#3757,
#3758),(#3759,#3760),(#3761,#3762),(#3763,#3764),(#3765,#3766),(#3767,#3768),
(#3769,#3770)),.SURF_OF_LINEAR_EXTRUSION.,.T.,.F.,.F.,(1,3,1,1,1,1,1,1,
1,1,1,1,1,1,1,1,1,1,1,1,1,1,1,1,1,1,1,1,1,3,1),(2,2),(-0.0251058314753361,
0.,0.0337129038328728,0.0682090779492658,0.100038341246624,0.132365544617928,
0.153662277816705,0.187372368927843,0.219036395198145,0.266194556070056,
0.289311559489587,0.312761170221947,0.350403008662012,0.409236070759928,
0.437036537466507,0.471003055064824,0.512631467785742,0.558585115097044,
0.592715651720656,0.639283285448427,0.67261209897612,0.712095576831156,
0.744927712611593,0.78125674684019,0.81782366382212,0.858380022341866,0.903534354506849,
0.940673520624452,0.974894168524664,1.,1.03371290383287),(0.,1.),
 .UNSPECIFIED.);
#51=B_SPLINE_SURFACE_WITH_KNOTS('',3,1,((#3771,#3772),(#3773,#3774),(#3775,
#3776),(#3777,#3778),(#3779,#3780),(#3781,#3782),(#3783,#3784),(#3785,#3786),
(#3787,#3788),(#3789,#3790),(#3791,#3792),(#3793,#3794),(#3795,#3796),(#3797,
#3798),(#3799,#3800),(#3801,#3802),(#3803,#3804),(#3805,#3806),(#3807,#3808),
(#3809,#3810),(#3811,#3812),(#3813,#3814),(#3815,#3816),(#3817,#3818),(#3819,
#3820),(#3821,#3822),(#3823,#3824),(#3825,#3826),(#3827,#3828),(#3829,#3830)),
 .SURF_OF_LINEAR_EXTRUSION.,.T.,.F.,.F.,(1,3,1,1,1,1,1,1,1,1,1,1,1,1,1,
1,1,1,1,1,1,1,1,1,1,1,1,1,3,1),(2,2),(-0.0220733495831999,0.,0.0165844908771213,
0.064464147024091,0.110222747747809,0.151522499006317,0.19576374828211,
0.247337345079753,0.297147890348437,0.33992322068428,0.381324130299882,
0.418256997807762,0.440619498429862,0.442525860797075,0.46656579348663,
0.519101256969539,0.570518210952337,0.601176275283824,0.638525029354643,
0.669009760715168,0.708706328171151,0.750644246580776,0.797447650952736,
0.840382470198519,0.884124567619299,0.920479201886489,0.951017262497942,
0.9779266504168,1.,1.01658449087712),(0.,1.),.UNSPECIFIED.);
#52=CIRCLE('',#1412,0.0254);
#53=CIRCLE('',#1413,0.0254);
#54=CIRCLE('',#1414,0.0254);
#55=CIRCLE('',#1415,0.0254);
#56=CIRCLE('',#1426,0.0254);
#57=CIRCLE('',#1429,0.0254);
#58=CIRCLE('',#1432,0.0254);
#59=CIRCLE('',#1435,0.0254);
#60=CIRCLE('',#1453,0.0254);
#61=CIRCLE('',#1454,0.009525);
#62=CIRCLE('',#1455,0.009525);
#63=CIRCLE('',#1458,0.0254);
#64=CIRCLE('',#1459,0.0254);
#65=CIRCLE('',#1462,0.0254);
#66=CIRCLE('',#1463,0.0254);
#67=CIRCLE('',#1466,0.0254);
#68=CIRCLE('',#1467,0.0254);
#69=CIRCLE('',#1470,0.0254);
#70=CIRCLE('',#1471,0.0254);
#71=CIRCLE('',#1473,0.0254);
#72=CIRCLE('',#1480,0.009525);
#73=CIRCLE('',#1485,0.009525);
#74=CIRCLE('',#1487,0.00571319064984703);
#75=CIRCLE('',#1489,0.00571319064984703);
#76=CIRCLE('',#1491,0.00373582814901919);
#77=CIRCLE('',#1493,0.00373582814901919);
#78=CIRCLE('',#1497,0.000628785911091193);
#79=CIRCLE('',#1498,0.000745430000839167);
#80=CIRCLE('',#1500,0.0254);
#81=CIRCLE('',#1501,0.0254);
#82=CIRCLE('',#1502,0.0254);
#83=CIRCLE('',#1503,0.0254);
#84=CIRCLE('',#1506,0.0254);
#85=CIRCLE('',#1509,0.0254);
#86=CIRCLE('',#1512,0.0254);
#87=CIRCLE('',#1515,0.0254);
#88=CIRCLE('',#1519,0.000745430000839167);
#89=CIRCLE('',#1522,0.000628785911091193);
#90=LINE('',#2059,#172);
#91=LINE('',#2064,#173);
#92=LINE('',#2068,#174);
#93=LINE('',#2072,#175);
#94=LINE('',#2231,#176);
#95=LINE('',#2232,#177);
#96=LINE('',#2261,#178);
#97=LINE('',#2282,#179);
#98=LINE('',#2353,#180);
#99=LINE('',#2374,#181);
#100=LINE('',#2600,#182);
#101=LINE('',#2620,#183);
#102=LINE('',#2672,#184);
#103=LINE('',#2675,#185);
#104=LINE('',#2676,#186);
#105=LINE('',#2680,#187);
#106=LINE('',#2682,#188);
#107=LINE('',#2684,#189);
#108=LINE('',#2688,#190);
#109=LINE('',#2690,#191);
#110=LINE('',#2692,#192);
#111=LINE('',#2696,#193);
#112=LINE('',#2698,#194);
#113=LINE('',#2700,#195);
#114=LINE('',#2740,#196);
#115=LINE('',#2741,#197);
#116=LINE('',#2914,#198);
#117=LINE('',#2916,#199);
#118=LINE('',#2982,#200);
#119=LINE('',#2984,#201);
#120=LINE('',#3444,#202);
#121=LINE('',#3447,#203);
#122=LINE('',#3451,#204);
#123=LINE('',#3453,#205);
#124=LINE('',#3455,#206);
#125=LINE('',#3459,#207);
#126=LINE('',#3461,#208);
#127=LINE('',#3464,#209);
#128=LINE('',#3466,#210);
#129=LINE('',#3468,#211);
#130=LINE('',#3472,#212);
#131=LINE('',#3476,#213);
#132=LINE('',#3478,#214);
#133=LINE('',#3480,#215);
#134=LINE('',#3484,#216);
#135=LINE('',#3488,#217);
#136=LINE('',#3490,#218);
#137=LINE('',#3492,#219);
#138=LINE('',#3496,#220);
#139=LINE('',#3500,#221);
#140=LINE('',#3502,#222);
#141=LINE('',#3504,#223);
#142=LINE('',#3514,#224);
#143=LINE('',#3516,#225);
#144=LINE('',#3518,#226);
#145=LINE('',#3520,#227);
#146=LINE('',#3522,#228);
#147=LINE('',#3524,#229);
#148=LINE('',#3526,#230);
#149=LINE('',#3528,#231);
#150=LINE('',#3532,#232);
#151=LINE('',#3534,#233);
#152=LINE('',#3536,#234);
#153=LINE('',#3538,#235);
#154=LINE('',#3540,#236);
#155=LINE('',#3542,#237);
#156=LINE('',#3628,#238);
#157=LINE('',#3633,#239);
#158=LINE('',#3637,#240);
#159=LINE('',#3641,#241);
#160=LINE('',#3677,#242);
#161=LINE('',#3680,#243);
#162=LINE('',#3681,#244);
#163=LINE('',#3685,#245);
#164=LINE('',#3687,#246);
#165=LINE('',#3689,#247);
#166=LINE('',#3693,#248);
#167=LINE('',#3695,#249);
#168=LINE('',#3697,#250);
#169=LINE('',#3701,#251);
#170=LINE('',#3703,#252);
#171=LINE('',#3705,#253);
#172=VECTOR('',#1528,1.);
#173=VECTOR('',#1531,1.);
#174=VECTOR('',#1534,1.);
#175=VECTOR('',#1537,1.);
#176=VECTOR('',#1546,1.);
#177=VECTOR('',#1547,1.);
#178=VECTOR('',#1548,1.);
#179=VECTOR('',#1549,1.);
#180=VECTOR('',#1550,1.);
#181=VECTOR('',#1551,1.);
#182=VECTOR('',#1556,1.);
#183=VECTOR('',#1557,1.);
#184=VECTOR('',#1566,1.);
#185=VECTOR('',#1567,1.);
#186=VECTOR('',#1568,1.);
#187=VECTOR('',#1573,1.);
#188=VECTOR('',#1576,1.);
#189=VECTOR('',#1577,1.);
#190=VECTOR('',#1582,1.);
#191=VECTOR('',#1585,1.);
#192=VECTOR('',#1586,1.);
#193=VECTOR('',#1591,1.);
#194=VECTOR('',#1594,1.);
#195=VECTOR('',#1595,1.);
#196=VECTOR('',#1602,1.);
#197=VECTOR('',#1603,1.);
#198=VECTOR('',#1606,1.);
#199=VECTOR('',#1607,1.);
#200=VECTOR('',#1610,1.);
#201=VECTOR('',#1611,1.);
#202=VECTOR('',#1642,1.);
#203=VECTOR('',#1643,1.);
#204=VECTOR('',#1646,1.);
#205=VECTOR('',#1647,1.);
#206=VECTOR('',#1648,1.);
#207=VECTOR('',#1651,1.);
#208=VECTOR('',#1654,1.);
#209=VECTOR('',#1655,1.);
#210=VECTOR('',#1656,1.);
#211=VECTOR('',#1657,1.);
#212=VECTOR('',#1662,1.);
#213=VECTOR('',#1667,1.);
#214=VECTOR('',#1668,1.);
#215=VECTOR('',#1669,1.);
#216=VECTOR('',#1674,1.);
#217=VECTOR('',#1679,1.);
#218=VECTOR('',#1680,1.);
#219=VECTOR('',#1681,1.);
#220=VECTOR('',#1686,1.);
#221=VECTOR('',#1691,1.);
#222=VECTOR('',#1692,1.);
#223=VECTOR('',#1693,1.);
#224=VECTOR('',#1710,1.);
#225=VECTOR('',#1711,1.);
#226=VECTOR('',#1712,1.);
#227=VECTOR('',#1715,1.);
#228=VECTOR('',#1716,1.);
#229=VECTOR('',#1719,1.);
#230=VECTOR('',#1720,1.);
#231=VECTOR('',#1723,1.);
#232=VECTOR('',#1728,1.);
#233=VECTOR('',#1729,1.);
#234=VECTOR('',#1732,1.);
#235=VECTOR('',#1733,1.);
#236=VECTOR('',#1736,1.);
#237=VECTOR('',#1737,1.);
#238=VECTOR('',#1770,1.);
#239=VECTOR('',#1773,1.);
#240=VECTOR('',#1776,1.);
#241=VECTOR('',#1779,1.);
#242=VECTOR('',#1784,1.);
#243=VECTOR('',#1785,1.);
#244=VECTOR('',#1786,1.);
#245=VECTOR('',#1791,1.);
#246=VECTOR('',#1794,1.);
#247=VECTOR('',#1795,1.);
#248=VECTOR('',#1800,1.);
#249=VECTOR('',#1803,1.);
#250=VECTOR('',#1804,1.);
#251=VECTOR('',#1809,1.);
#252=VECTOR('',#1812,1.);
#253=VECTOR('',#1813,1.);
#254=ORIENTED_EDGE('',*,*,#630,.F.);
#255=ORIENTED_EDGE('',*,*,#631,.F.);
#256=ORIENTED_EDGE('',*,*,#632,.F.);
#257=ORIENTED_EDGE('',*,*,#633,.F.);
#258=ORIENTED_EDGE('',*,*,#634,.T.);
#259=ORIENTED_EDGE('',*,*,#635,.F.);
#260=ORIENTED_EDGE('',*,*,#636,.T.);
#261=ORIENTED_EDGE('',*,*,#637,.T.);
#262=ORIENTED_EDGE('',*,*,#638,.T.);
#263=ORIENTED_EDGE('',*,*,#639,.F.);
#264=ORIENTED_EDGE('',*,*,#640,.T.);
#265=ORIENTED_EDGE('',*,*,#641,.F.);
#266=ORIENTED_EDGE('',*,*,#642,.T.);
#267=ORIENTED_EDGE('',*,*,#643,.F.);
#268=ORIENTED_EDGE('',*,*,#644,.T.);
#269=ORIENTED_EDGE('',*,*,#645,.F.);
#270=ORIENTED_EDGE('',*,*,#646,.T.);
#271=ORIENTED_EDGE('',*,*,#647,.T.);
#272=ORIENTED_EDGE('',*,*,#648,.T.);
#273=ORIENTED_EDGE('',*,*,#649,.T.);
#274=ORIENTED_EDGE('',*,*,#650,.T.);
#275=ORIENTED_EDGE('',*,*,#651,.F.);
#276=ORIENTED_EDGE('',*,*,#652,.T.);
#277=ORIENTED_EDGE('',*,*,#653,.F.);
#278=ORIENTED_EDGE('',*,*,#654,.F.);
#279=ORIENTED_EDGE('',*,*,#655,.F.);
#280=ORIENTED_EDGE('',*,*,#656,.T.);
#281=ORIENTED_EDGE('',*,*,#657,.T.);
#282=ORIENTED_EDGE('',*,*,#658,.T.);
#283=ORIENTED_EDGE('',*,*,#636,.F.);
#284=ORIENTED_EDGE('',*,*,#659,.T.);
#285=ORIENTED_EDGE('',*,*,#660,.F.);
#286=ORIENTED_EDGE('',*,*,#661,.T.);
#287=ORIENTED_EDGE('',*,*,#662,.T.);
#288=ORIENTED_EDGE('',*,*,#663,.T.);
#289=ORIENTED_EDGE('',*,*,#638,.F.);
#290=ORIENTED_EDGE('',*,*,#664,.T.);
#291=ORIENTED_EDGE('',*,*,#665,.T.);
#292=ORIENTED_EDGE('',*,*,#666,.T.);
#293=ORIENTED_EDGE('',*,*,#667,.T.);
#294=ORIENTED_EDGE('',*,*,#652,.F.);
#295=ORIENTED_EDGE('',*,*,#668,.F.);
#296=ORIENTED_EDGE('',*,*,#642,.F.);
#297=ORIENTED_EDGE('',*,*,#669,.F.);
#298=ORIENTED_EDGE('',*,*,#670,.F.);
#299=ORIENTED_EDGE('',*,*,#656,.F.);
#300=ORIENTED_EDGE('',*,*,#671,.F.);
#301=ORIENTED_EDGE('',*,*,#640,.F.);
#302=ORIENTED_EDGE('',*,*,#672,.F.);
#303=ORIENTED_EDGE('',*,*,#673,.F.);
#304=ORIENTED_EDGE('',*,*,#674,.F.);
#305=ORIENTED_EDGE('',*,*,#660,.T.);
#306=ORIENTED_EDGE('',*,*,#675,.T.);
#307=ORIENTED_EDGE('',*,*,#676,.F.);
#308=ORIENTED_EDGE('',*,*,#673,.T.);
#309=ORIENTED_EDGE('',*,*,#677,.T.);
#310=ORIENTED_EDGE('',*,*,#678,.T.);
#311=ORIENTED_EDGE('',*,*,#679,.F.);
#312=ORIENTED_EDGE('',*,*,#680,.F.);
#313=ORIENTED_EDGE('',*,*,#681,.F.);
#314=ORIENTED_EDGE('',*,*,#682,.T.);
#315=ORIENTED_EDGE('',*,*,#683,.F.);
#316=ORIENTED_EDGE('',*,*,#684,.T.);
#317=ORIENTED_EDGE('',*,*,#685,.F.);
#318=ORIENTED_EDGE('',*,*,#679,.T.);
#319=ORIENTED_EDGE('',*,*,#686,.F.);
#320=ORIENTED_EDGE('',*,*,#687,.F.);
#321=ORIENTED_EDGE('',*,*,#643,.T.);
#322=ORIENTED_EDGE('',*,*,#688,.T.);
#323=ORIENTED_EDGE('',*,*,#689,.T.);
#324=ORIENTED_EDGE('',*,*,#690,.F.);
#325=ORIENTED_EDGE('',*,*,#644,.F.);
#326=ORIENTED_EDGE('',*,*,#687,.T.);
#327=ORIENTED_EDGE('',*,*,#691,.F.);
#328=ORIENTED_EDGE('',*,*,#692,.F.);
#329=ORIENTED_EDGE('',*,*,#645,.T.);
#330=ORIENTED_EDGE('',*,*,#690,.T.);
#331=ORIENTED_EDGE('',*,*,#693,.T.);
#332=ORIENTED_EDGE('',*,*,#694,.F.);
#333=ORIENTED_EDGE('',*,*,#646,.F.);
#334=ORIENTED_EDGE('',*,*,#692,.T.);
#335=ORIENTED_EDGE('',*,*,#695,.T.);
#336=ORIENTED_EDGE('',*,*,#696,.F.);
#337=ORIENTED_EDGE('',*,*,#647,.F.);
#338=ORIENTED_EDGE('',*,*,#694,.T.);
#339=ORIENTED_EDGE('',*,*,#697,.T.);
#340=ORIENTED_EDGE('',*,*,#698,.F.);
#341=ORIENTED_EDGE('',*,*,#648,.F.);
#342=ORIENTED_EDGE('',*,*,#696,.T.);
#343=ORIENTED_EDGE('',*,*,#699,.T.);
#344=ORIENTED_EDGE('',*,*,#700,.F.);
#345=ORIENTED_EDGE('',*,*,#649,.F.);
#346=ORIENTED_EDGE('',*,*,#698,.T.);
#347=ORIENTED_EDGE('',*,*,#701,.T.);
#348=ORIENTED_EDGE('',*,*,#688,.F.);
#349=ORIENTED_EDGE('',*,*,#650,.F.);
#350=ORIENTED_EDGE('',*,*,#700,.T.);
#351=ORIENTED_EDGE('',*,*,#686,.T.);
#352=ORIENTED_EDGE('',*,*,#701,.F.);
#353=ORIENTED_EDGE('',*,*,#699,.F.);
#354=ORIENTED_EDGE('',*,*,#697,.F.);
#355=ORIENTED_EDGE('',*,*,#695,.F.);
#356=ORIENTED_EDGE('',*,*,#693,.F.);
#357=ORIENTED_EDGE('',*,*,#691,.T.);
#358=ORIENTED_EDGE('',*,*,#689,.F.);
#359=ORIENTED_EDGE('',*,*,#702,.T.);
#360=ORIENTED_EDGE('',*,*,#703,.F.);
#361=ORIENTED_EDGE('',*,*,#682,.F.);
#362=ORIENTED_EDGE('',*,*,#634,.F.);
#363=ORIENTED_EDGE('',*,*,#704,.F.);
#364=ORIENTED_EDGE('',*,*,#633,.T.);
#365=ORIENTED_EDGE('',*,*,#683,.T.);
#366=ORIENTED_EDGE('',*,*,#631,.T.);
#367=ORIENTED_EDGE('',*,*,#705,.T.);
#368=ORIENTED_EDGE('',*,*,#654,.T.);
#369=ORIENTED_EDGE('',*,*,#706,.T.);
#370=ORIENTED_EDGE('',*,*,#666,.F.);
#371=ORIENTED_EDGE('',*,*,#707,.F.);
#372=ORIENTED_EDGE('',*,*,#704,.T.);
#373=ORIENTED_EDGE('',*,*,#708,.F.);
#374=ORIENTED_EDGE('',*,*,#657,.F.);
#375=ORIENTED_EDGE('',*,*,#677,.F.);
#376=ORIENTED_EDGE('',*,*,#709,.T.);
#377=ORIENTED_EDGE('',*,*,#702,.F.);
#378=ORIENTED_EDGE('',*,*,#707,.T.);
#379=ORIENTED_EDGE('',*,*,#665,.F.);
#380=ORIENTED_EDGE('',*,*,#710,.F.);
#381=ORIENTED_EDGE('',*,*,#662,.F.);
#382=ORIENTED_EDGE('',*,*,#711,.T.);
#383=ORIENTED_EDGE('',*,*,#632,.T.);
#384=ORIENTED_EDGE('',*,*,#712,.F.);
#385=ORIENTED_EDGE('',*,*,#713,.T.);
#386=ORIENTED_EDGE('',*,*,#684,.F.);
#387=ORIENTED_EDGE('',*,*,#711,.F.);
#388=ORIENTED_EDGE('',*,*,#714,.F.);
#389=ORIENTED_EDGE('',*,*,#712,.T.);
#390=ORIENTED_EDGE('',*,*,#713,.F.);
#391=ORIENTED_EDGE('',*,*,#714,.T.);
#392=ORIENTED_EDGE('',*,*,#715,.T.);
#393=ORIENTED_EDGE('',*,*,#635,.T.);
#394=ORIENTED_EDGE('',*,*,#716,.F.);
#395=ORIENTED_EDGE('',*,*,#717,.T.);
#396=ORIENTED_EDGE('',*,*,#680,.T.);
#397=ORIENTED_EDGE('',*,*,#685,.T.);
#398=ORIENTED_EDGE('',*,*,#715,.F.);
#399=ORIENTED_EDGE('',*,*,#718,.T.);
#400=ORIENTED_EDGE('',*,*,#719,.T.);
#401=ORIENTED_EDGE('',*,*,#720,.T.);
#402=ORIENTED_EDGE('',*,*,#716,.T.);
#403=ORIENTED_EDGE('',*,*,#681,.T.);
#404=ORIENTED_EDGE('',*,*,#703,.T.);
#405=ORIENTED_EDGE('',*,*,#709,.F.);
#406=ORIENTED_EDGE('',*,*,#717,.F.);
#407=ORIENTED_EDGE('',*,*,#720,.F.);
#408=ORIENTED_EDGE('',*,*,#719,.F.);
#409=ORIENTED_EDGE('',*,*,#718,.F.);
#410=ORIENTED_EDGE('',*,*,#659,.F.);
#411=ORIENTED_EDGE('',*,*,#678,.F.);
#412=ORIENTED_EDGE('',*,*,#661,.F.);
#413=ORIENTED_EDGE('',*,*,#675,.F.);
#414=ORIENTED_EDGE('',*,*,#663,.F.);
#415=ORIENTED_EDGE('',*,*,#710,.T.);
#416=ORIENTED_EDGE('',*,*,#664,.F.);
#417=ORIENTED_EDGE('',*,*,#637,.F.);
#418=ORIENTED_EDGE('',*,*,#658,.F.);
#419=ORIENTED_EDGE('',*,*,#708,.T.);
#420=ORIENTED_EDGE('',*,*,#721,.F.);
#421=ORIENTED_EDGE('',*,*,#721,.T.);
#422=ORIENTED_EDGE('',*,*,#722,.F.);
#423=ORIENTED_EDGE('',*,*,#671,.T.);
#424=ORIENTED_EDGE('',*,*,#723,.F.);
#425=ORIENTED_EDGE('',*,*,#669,.T.);
#426=ORIENTED_EDGE('',*,*,#724,.F.);
#427=ORIENTED_EDGE('',*,*,#641,.T.);
#428=ORIENTED_EDGE('',*,*,#722,.T.);
#429=ORIENTED_EDGE('',*,*,#655,.T.);
#430=ORIENTED_EDGE('',*,*,#670,.T.);
#431=ORIENTED_EDGE('',*,*,#723,.T.);
#432=ORIENTED_EDGE('',*,*,#724,.T.);
#433=ORIENTED_EDGE('',*,*,#725,.F.);
#434=ORIENTED_EDGE('',*,*,#668,.T.);
#435=ORIENTED_EDGE('',*,*,#705,.F.);
#436=ORIENTED_EDGE('',*,*,#726,.F.);
#437=ORIENTED_EDGE('',*,*,#706,.F.);
#438=ORIENTED_EDGE('',*,*,#727,.F.);
#439=ORIENTED_EDGE('',*,*,#728,.F.);
#440=ORIENTED_EDGE('',*,*,#630,.T.);
#441=ORIENTED_EDGE('',*,*,#725,.T.);
#442=ORIENTED_EDGE('',*,*,#651,.T.);
#443=ORIENTED_EDGE('',*,*,#667,.F.);
#444=ORIENTED_EDGE('',*,*,#727,.T.);
#445=ORIENTED_EDGE('',*,*,#653,.T.);
#446=ORIENTED_EDGE('',*,*,#726,.T.);
#447=ORIENTED_EDGE('',*,*,#728,.T.);
#448=ORIENTED_EDGE('',*,*,#729,.F.);
#449=ORIENTED_EDGE('',*,*,#674,.T.);
#450=ORIENTED_EDGE('',*,*,#730,.F.);
#451=ORIENTED_EDGE('',*,*,#672,.T.);
#452=ORIENTED_EDGE('',*,*,#731,.F.);
#453=ORIENTED_EDGE('',*,*,#639,.T.);
#454=ORIENTED_EDGE('',*,*,#729,.T.);
#455=ORIENTED_EDGE('',*,*,#676,.T.);
#456=ORIENTED_EDGE('',*,*,#730,.T.);
#457=ORIENTED_EDGE('',*,*,#731,.T.);
#458=ORIENTED_EDGE('',*,*,#732,.T.);
#459=ORIENTED_EDGE('',*,*,#733,.F.);
#460=ORIENTED_EDGE('',*,*,#734,.T.);
#461=ORIENTED_EDGE('',*,*,#735,.F.);
#462=ORIENTED_EDGE('',*,*,#736,.T.);
#463=ORIENTED_EDGE('',*,*,#737,.T.);
#464=ORIENTED_EDGE('',*,*,#738,.F.);
#465=ORIENTED_EDGE('',*,*,#739,.F.);
#466=ORIENTED_EDGE('',*,*,#740,.F.);
#467=ORIENTED_EDGE('',*,*,#741,.F.);
#468=ORIENTED_EDGE('',*,*,#742,.F.);
#469=ORIENTED_EDGE('',*,*,#743,.T.);
#470=ORIENTED_EDGE('',*,*,#744,.T.);
#471=ORIENTED_EDGE('',*,*,#745,.T.);
#472=ORIENTED_EDGE('',*,*,#746,.F.);
#473=ORIENTED_EDGE('',*,*,#747,.F.);
#474=ORIENTED_EDGE('',*,*,#742,.T.);
#475=ORIENTED_EDGE('',*,*,#748,.F.);
#476=ORIENTED_EDGE('',*,*,#749,.F.);
#477=ORIENTED_EDGE('',*,*,#750,.T.);
#478=ORIENTED_EDGE('',*,*,#746,.T.);
#479=ORIENTED_EDGE('',*,*,#751,.T.);
#480=ORIENTED_EDGE('',*,*,#752,.F.);
#481=ORIENTED_EDGE('',*,*,#753,.F.);
#482=ORIENTED_EDGE('',*,*,#749,.T.);
#483=ORIENTED_EDGE('',*,*,#754,.T.);
#484=ORIENTED_EDGE('',*,*,#755,.F.);
#485=ORIENTED_EDGE('',*,*,#756,.F.);
#486=ORIENTED_EDGE('',*,*,#752,.T.);
#487=ORIENTED_EDGE('',*,*,#757,.T.);
#488=ORIENTED_EDGE('',*,*,#758,.F.);
#489=ORIENTED_EDGE('',*,*,#759,.F.);
#490=ORIENTED_EDGE('',*,*,#755,.T.);
#491=ORIENTED_EDGE('',*,*,#760,.T.);
#492=ORIENTED_EDGE('',*,*,#761,.F.);
#493=ORIENTED_EDGE('',*,*,#762,.F.);
#494=ORIENTED_EDGE('',*,*,#758,.T.);
#495=ORIENTED_EDGE('',*,*,#763,.T.);
#496=ORIENTED_EDGE('',*,*,#744,.F.);
#497=ORIENTED_EDGE('',*,*,#764,.F.);
#498=ORIENTED_EDGE('',*,*,#761,.T.);
#499=ORIENTED_EDGE('',*,*,#765,.F.);
#500=ORIENTED_EDGE('',*,*,#743,.F.);
#501=ORIENTED_EDGE('',*,*,#747,.T.);
#502=ORIENTED_EDGE('',*,*,#750,.F.);
#503=ORIENTED_EDGE('',*,*,#753,.T.);
#504=ORIENTED_EDGE('',*,*,#756,.T.);
#505=ORIENTED_EDGE('',*,*,#759,.T.);
#506=ORIENTED_EDGE('',*,*,#762,.T.);
#507=ORIENTED_EDGE('',*,*,#764,.T.);
#508=ORIENTED_EDGE('',*,*,#741,.T.);
#509=ORIENTED_EDGE('',*,*,#763,.F.);
#510=ORIENTED_EDGE('',*,*,#760,.F.);
#511=ORIENTED_EDGE('',*,*,#757,.F.);
#512=ORIENTED_EDGE('',*,*,#754,.F.);
#513=ORIENTED_EDGE('',*,*,#751,.F.);
#514=ORIENTED_EDGE('',*,*,#748,.T.);
#515=ORIENTED_EDGE('',*,*,#745,.F.);
#516=ORIENTED_EDGE('',*,*,#732,.F.);
#517=ORIENTED_EDGE('',*,*,#765,.T.);
#518=ORIENTED_EDGE('',*,*,#766,.F.);
#519=ORIENTED_EDGE('',*,*,#767,.T.);
#520=ORIENTED_EDGE('',*,*,#768,.T.);
#521=ORIENTED_EDGE('',*,*,#734,.F.);
#522=ORIENTED_EDGE('',*,*,#733,.T.);
#523=ORIENTED_EDGE('',*,*,#769,.F.);
#524=ORIENTED_EDGE('',*,*,#770,.F.);
#525=ORIENTED_EDGE('',*,*,#766,.T.);
#526=ORIENTED_EDGE('',*,*,#740,.T.);
#527=ORIENTED_EDGE('',*,*,#771,.F.);
#528=ORIENTED_EDGE('',*,*,#772,.F.);
#529=ORIENTED_EDGE('',*,*,#769,.T.);
#530=ORIENTED_EDGE('',*,*,#739,.T.);
#531=ORIENTED_EDGE('',*,*,#773,.F.);
#532=ORIENTED_EDGE('',*,*,#774,.F.);
#533=ORIENTED_EDGE('',*,*,#771,.T.);
#534=ORIENTED_EDGE('',*,*,#738,.T.);
#535=ORIENTED_EDGE('',*,*,#775,.F.);
#536=ORIENTED_EDGE('',*,*,#776,.F.);
#537=ORIENTED_EDGE('',*,*,#773,.T.);
#538=ORIENTED_EDGE('',*,*,#777,.F.);
#539=ORIENTED_EDGE('',*,*,#778,.T.);
#540=ORIENTED_EDGE('',*,*,#775,.T.);
#541=ORIENTED_EDGE('',*,*,#737,.F.);
#542=ORIENTED_EDGE('',*,*,#779,.F.);
#543=ORIENTED_EDGE('',*,*,#780,.T.);
#544=ORIENTED_EDGE('',*,*,#777,.T.);
#545=ORIENTED_EDGE('',*,*,#736,.F.);
#546=ORIENTED_EDGE('',*,*,#735,.T.);
#547=ORIENTED_EDGE('',*,*,#768,.F.);
#548=ORIENTED_EDGE('',*,*,#781,.F.);
#549=ORIENTED_EDGE('',*,*,#779,.T.);
#550=ORIENTED_EDGE('',*,*,#782,.F.);
#551=ORIENTED_EDGE('',*,*,#767,.F.);
#552=ORIENTED_EDGE('',*,*,#770,.T.);
#553=ORIENTED_EDGE('',*,*,#772,.T.);
#554=ORIENTED_EDGE('',*,*,#774,.T.);
#555=ORIENTED_EDGE('',*,*,#776,.T.);
#556=ORIENTED_EDGE('',*,*,#778,.F.);
#557=ORIENTED_EDGE('',*,*,#780,.F.);
#558=ORIENTED_EDGE('',*,*,#781,.T.);
#559=ORIENTED_EDGE('',*,*,#782,.T.);
#560=ORIENTED_EDGE('',*,*,#783,.F.);
#561=ORIENTED_EDGE('',*,*,#784,.F.);
#562=ORIENTED_EDGE('',*,*,#783,.T.);
#563=ORIENTED_EDGE('',*,*,#785,.F.);
#564=ORIENTED_EDGE('',*,*,#784,.T.);
#565=ORIENTED_EDGE('',*,*,#785,.T.);
#566=ORIENTED_EDGE('',*,*,#786,.F.);
#567=ORIENTED_EDGE('',*,*,#787,.F.);
#568=ORIENTED_EDGE('',*,*,#788,.F.);
#569=ORIENTED_EDGE('',*,*,#789,.T.);
#570=ORIENTED_EDGE('',*,*,#790,.F.);
#571=ORIENTED_EDGE('',*,*,#791,.T.);
#572=ORIENTED_EDGE('',*,*,#792,.F.);
#573=ORIENTED_EDGE('',*,*,#793,.T.);
#574=ORIENTED_EDGE('',*,*,#794,.T.);
#575=ORIENTED_EDGE('',*,*,#795,.T.);
#576=ORIENTED_EDGE('',*,*,#796,.T.);
#577=ORIENTED_EDGE('',*,*,#797,.T.);
#578=ORIENTED_EDGE('',*,*,#798,.T.);
#579=ORIENTED_EDGE('',*,*,#799,.F.);
#580=ORIENTED_EDGE('',*,*,#800,.F.);
#581=ORIENTED_EDGE('',*,*,#790,.T.);
#582=ORIENTED_EDGE('',*,*,#801,.T.);
#583=ORIENTED_EDGE('',*,*,#802,.T.);
#584=ORIENTED_EDGE('',*,*,#803,.F.);
#585=ORIENTED_EDGE('',*,*,#791,.F.);
#586=ORIENTED_EDGE('',*,*,#800,.T.);
#587=ORIENTED_EDGE('',*,*,#804,.F.);
#588=ORIENTED_EDGE('',*,*,#805,.F.);
#589=ORIENTED_EDGE('',*,*,#792,.T.);
#590=ORIENTED_EDGE('',*,*,#803,.T.);
#591=ORIENTED_EDGE('',*,*,#806,.T.);
#592=ORIENTED_EDGE('',*,*,#807,.F.);
#593=ORIENTED_EDGE('',*,*,#793,.F.);
#594=ORIENTED_EDGE('',*,*,#805,.T.);
#595=ORIENTED_EDGE('',*,*,#808,.T.);
#596=ORIENTED_EDGE('',*,*,#809,.F.);
#597=ORIENTED_EDGE('',*,*,#794,.F.);
#598=ORIENTED_EDGE('',*,*,#807,.T.);
#599=ORIENTED_EDGE('',*,*,#810,.T.);
#600=ORIENTED_EDGE('',*,*,#811,.F.);
#601=ORIENTED_EDGE('',*,*,#795,.F.);
#602=ORIENTED_EDGE('',*,*,#809,.T.);
#603=ORIENTED_EDGE('',*,*,#812,.T.);
#604=ORIENTED_EDGE('',*,*,#813,.F.);
#605=ORIENTED_EDGE('',*,*,#796,.F.);
#606=ORIENTED_EDGE('',*,*,#811,.T.);
#607=ORIENTED_EDGE('',*,*,#814,.T.);
#608=ORIENTED_EDGE('',*,*,#801,.F.);
#609=ORIENTED_EDGE('',*,*,#797,.F.);
#610=ORIENTED_EDGE('',*,*,#813,.T.);
#611=ORIENTED_EDGE('',*,*,#799,.T.);
#612=ORIENTED_EDGE('',*,*,#814,.F.);
#613=ORIENTED_EDGE('',*,*,#812,.F.);
#614=ORIENTED_EDGE('',*,*,#810,.F.);
#615=ORIENTED_EDGE('',*,*,#808,.F.);
#616=ORIENTED_EDGE('',*,*,#806,.F.);
#617=ORIENTED_EDGE('',*,*,#804,.T.);
#618=ORIENTED_EDGE('',*,*,#802,.F.);
#619=ORIENTED_EDGE('',*,*,#788,.T.);
#620=ORIENTED_EDGE('',*,*,#798,.F.);
#621=ORIENTED_EDGE('',*,*,#789,.F.);
#622=ORIENTED_EDGE('',*,*,#815,.T.);
#623=ORIENTED_EDGE('',*,*,#815,.F.);
#624=ORIENTED_EDGE('',*,*,#787,.T.);
#625=ORIENTED_EDGE('',*,*,#816,.F.);
#626=ORIENTED_EDGE('',*,*,#816,.T.);
#627=ORIENTED_EDGE('',*,*,#786,.T.);
#628=ORIENTED_EDGE('',*,*,#817,.F.);
#629=ORIENTED_EDGE('',*,*,#817,.T.);
#630=EDGE_CURVE('',#818,#819,#942,.T.);
#631=EDGE_CURVE('',#820,#818,#943,.T.);
#632=EDGE_CURVE('',#821,#820,#944,.F.);
#633=EDGE_CURVE('',#822,#821,#945,.T.);
#634=EDGE_CURVE('',#822,#823,#946,.T.);
#635=EDGE_CURVE('',#824,#823,#947,.F.);
#636=EDGE_CURVE('',#824,#825,#948,.T.);
#637=EDGE_CURVE('',#825,#826,#949,.F.);
#638=EDGE_CURVE('',#826,#827,#950,.T.);
#639=EDGE_CURVE('',#828,#827,#951,.T.);
#640=EDGE_CURVE('',#828,#829,#952,.T.);
#641=EDGE_CURVE('',#830,#829,#953,.T.);
#642=EDGE_CURVE('',#830,#819,#954,.T.);
#643=EDGE_CURVE('',#831,#832,#90,.T.);
#644=EDGE_CURVE('',#831,#833,#52,.T.);
#645=EDGE_CURVE('',#834,#833,#91,.T.);
#646=EDGE_CURVE('',#834,#835,#53,.T.);
#647=EDGE_CURVE('',#835,#836,#92,.T.);
#648=EDGE_CURVE('',#836,#837,#54,.T.);
#649=EDGE_CURVE('',#837,#838,#93,.T.);
#650=EDGE_CURVE('',#838,#832,#55,.T.);
#651=EDGE_CURVE('',#839,#840,#955,.T.);
#652=EDGE_CURVE('',#839,#840,#956,.T.);
#653=EDGE_CURVE('',#841,#842,#957,.T.);
#654=EDGE_CURVE('',#842,#841,#958,.T.);
#655=EDGE_CURVE('',#843,#844,#959,.T.);
#656=EDGE_CURVE('',#843,#844,#960,.T.);
#657=EDGE_CURVE('',#845,#846,#961,.T.);
#658=EDGE_CURVE('',#846,#825,#94,.T.);
#659=EDGE_CURVE('',#824,#845,#95,.T.);
#660=EDGE_CURVE('',#847,#848,#962,.T.);
#661=EDGE_CURVE('',#847,#849,#96,.F.);
#662=EDGE_CURVE('',#849,#850,#963,.T.);
#663=EDGE_CURVE('',#850,#848,#97,.T.);
#664=EDGE_CURVE('',#826,#851,#98,.F.);
#665=EDGE_CURVE('',#851,#852,#964,.T.);
#666=EDGE_CURVE('',#852,#853,#99,.T.);
#667=EDGE_CURVE('',#853,#840,#965,.F.);
#668=EDGE_CURVE('',#819,#839,#966,.T.);
#669=EDGE_CURVE('',#854,#830,#967,.T.);
#670=EDGE_CURVE('',#844,#854,#968,.T.);
#671=EDGE_CURVE('',#829,#843,#969,.T.);
#672=EDGE_CURVE('',#855,#828,#970,.T.);
#673=EDGE_CURVE('',#856,#855,#971,.T.);
#674=EDGE_CURVE('',#827,#856,#972,.T.);
#675=EDGE_CURVE('',#848,#847,#973,.F.);
#676=EDGE_CURVE('',#856,#855,#974,.T.);
#677=EDGE_CURVE('',#857,#845,#975,.T.);
#678=EDGE_CURVE('',#845,#824,#100,.F.);
#679=EDGE_CURVE('',#858,#824,#976,.T.);
#680=EDGE_CURVE('',#857,#858,#101,.F.);
#681=EDGE_CURVE('',#823,#859,#977,.F.);
#682=EDGE_CURVE('',#823,#859,#978,.T.);
#683=EDGE_CURVE('',#821,#820,#979,.T.);
#684=EDGE_CURVE('',#821,#820,#980,.F.);
#685=EDGE_CURVE('',#858,#824,#981,.F.);
#686=EDGE_CURVE('',#860,#861,#102,.T.);
#687=EDGE_CURVE('',#831,#860,#103,.T.);
#688=EDGE_CURVE('',#832,#861,#104,.T.);
#689=EDGE_CURVE('',#860,#862,#56,.T.);
#690=EDGE_CURVE('',#833,#862,#105,.T.);
#691=EDGE_CURVE('',#863,#862,#106,.T.);
#692=EDGE_CURVE('',#834,#863,#107,.T.);
#693=EDGE_CURVE('',#863,#864,#57,.T.);
#694=EDGE_CURVE('',#835,#864,#108,.T.);
#695=EDGE_CURVE('',#864,#865,#109,.T.);
#696=EDGE_CURVE('',#836,#865,#110,.T.);
#697=EDGE_CURVE('',#865,#866,#58,.T.);
#698=EDGE_CURVE('',#837,#866,#111,.T.);
#699=EDGE_CURVE('',#866,#867,#112,.T.);
#700=EDGE_CURVE('',#838,#867,#113,.T.);
#701=EDGE_CURVE('',#867,#861,#59,.T.);
#702=EDGE_CURVE('',#868,#869,#982,.T.);
#703=EDGE_CURVE('',#859,#869,#114,.T.);
#704=EDGE_CURVE('',#868,#822,#115,.T.);
#705=EDGE_CURVE('',#818,#842,#983,.T.);
#706=EDGE_CURVE('',#841,#853,#984,.T.);
#707=EDGE_CURVE('',#868,#852,#985,.T.);
#708=EDGE_CURVE('',#846,#849,#986,.T.);
#709=EDGE_CURVE('',#857,#869,#987,.T.);
#710=EDGE_CURVE('',#850,#851,#988,.T.);
#711=EDGE_CURVE('',#870,#821,#116,.T.);
#712=EDGE_CURVE('',#871,#820,#117,.T.);
#713=EDGE_CURVE('',#871,#870,#989,.T.);
#714=EDGE_CURVE('',#871,#870,#990,.T.);
#715=EDGE_CURVE('',#872,#824,#118,.T.);
#716=EDGE_CURVE('',#873,#823,#119,.T.);
#717=EDGE_CURVE('',#873,#872,#991,.T.);
#718=EDGE_CURVE('',#872,#874,#992,.T.);
#719=EDGE_CURVE('',#874,#875,#993,.T.);
#720=EDGE_CURVE('',#875,#873,#994,.T.);
#721=EDGE_CURVE('',#876,#876,#995,.T.);
#722=EDGE_CURVE('',#829,#843,#996,.T.);
#723=EDGE_CURVE('',#854,#830,#997,.T.);
#724=EDGE_CURVE('',#877,#877,#998,.T.);
#725=EDGE_CURVE('',#819,#839,#999,.T.);
#726=EDGE_CURVE('',#842,#818,#1000,.T.);
#727=EDGE_CURVE('',#853,#841,#1001,.T.);
#728=EDGE_CURVE('',#878,#878,#1002,.T.);
#729=EDGE_CURVE('',#827,#856,#1003,.T.);
#730=EDGE_CURVE('',#855,#828,#1004,.T.);
#731=EDGE_CURVE('',#879,#879,#1005,.T.);
#732=EDGE_CURVE('',#880,#880,#60,.T.);
#733=EDGE_CURVE('',#881,#882,#120,.T.);
#734=EDGE_CURVE('',#881,#883,#121,.T.);
#735=EDGE_CURVE('',#884,#883,#61,.T.);
#736=EDGE_CURVE('',#884,#885,#122,.T.);
#737=EDGE_CURVE('',#885,#886,#123,.T.);
#738=EDGE_CURVE('',#887,#886,#124,.T.);
#739=EDGE_CURVE('',#888,#887,#62,.T.);
#740=EDGE_CURVE('',#882,#888,#125,.T.);
#741=EDGE_CURVE('',#889,#890,#126,.T.);
#742=EDGE_CURVE('',#891,#889,#127,.T.);
#743=EDGE_CURVE('',#891,#892,#128,.T.);
#744=EDGE_CURVE('',#892,#890,#129,.T.);
#745=EDGE_CURVE('',#889,#893,#63,.T.);
#746=EDGE_CURVE('',#894,#893,#130,.T.);
#747=EDGE_CURVE('',#891,#894,#64,.T.);
#748=EDGE_CURVE('',#895,#893,#131,.T.);
#749=EDGE_CURVE('',#896,#895,#132,.T.);
#750=EDGE_CURVE('',#896,#894,#133,.T.);
#751=EDGE_CURVE('',#895,#897,#65,.T.);
#752=EDGE_CURVE('',#898,#897,#134,.T.);
#753=EDGE_CURVE('',#896,#898,#66,.T.);
#754=EDGE_CURVE('',#897,#899,#135,.T.);
#755=EDGE_CURVE('',#900,#899,#136,.T.);
#756=EDGE_CURVE('',#898,#900,#137,.T.);
#757=EDGE_CURVE('',#899,#901,#67,.T.);
#758=EDGE_CURVE('',#902,#901,#138,.T.);
#759=EDGE_CURVE('',#900,#902,#68,.T.);
#760=EDGE_CURVE('',#901,#903,#139,.T.);
#761=EDGE_CURVE('',#904,#903,#140,.T.);
#762=EDGE_CURVE('',#902,#904,#141,.T.);
#763=EDGE_CURVE('',#903,#890,#69,.T.);
#764=EDGE_CURVE('',#904,#892,#70,.T.);
#765=EDGE_CURVE('',#905,#905,#71,.T.);
#766=EDGE_CURVE('',#906,#881,#142,.T.);
#767=EDGE_CURVE('',#906,#907,#143,.T.);
#768=EDGE_CURVE('',#907,#883,#144,.T.);
#769=EDGE_CURVE('',#908,#882,#145,.T.);
#770=EDGE_CURVE('',#906,#908,#146,.T.);
#771=EDGE_CURVE('',#909,#888,#147,.T.);
#772=EDGE_CURVE('',#908,#909,#148,.T.);
#773=EDGE_CURVE('',#910,#887,#149,.T.);
#774=EDGE_CURVE('',#909,#910,#72,.T.);
#775=EDGE_CURVE('',#911,#886,#150,.T.);
#776=EDGE_CURVE('',#910,#911,#151,.T.);
#777=EDGE_CURVE('',#912,#885,#152,.T.);
#778=EDGE_CURVE('',#912,#911,#153,.T.);
#779=EDGE_CURVE('',#913,#884,#154,.T.);
#780=EDGE_CURVE('',#913,#912,#155,.T.);
#781=EDGE_CURVE('',#913,#907,#73,.T.);
#782=EDGE_CURVE('',#914,#914,#74,.T.);
#783=EDGE_CURVE('',#915,#915,#75,.T.);
#784=EDGE_CURVE('',#916,#916,#76,.T.);
#785=EDGE_CURVE('',#917,#917,#77,.T.);
#786=EDGE_CURVE('',#918,#918,#78,.T.);
#787=EDGE_CURVE('',#919,#919,#79,.T.);
#788=EDGE_CURVE('',#920,#920,#1006,.T.);
#789=EDGE_CURVE('',#921,#921,#1007,.T.);
#790=EDGE_CURVE('',#922,#923,#156,.T.);
#791=EDGE_CURVE('',#922,#924,#80,.T.);
#792=EDGE_CURVE('',#925,#924,#157,.T.);
#793=EDGE_CURVE('',#925,#926,#81,.T.);
#794=EDGE_CURVE('',#926,#927,#158,.T.);
#795=EDGE_CURVE('',#927,#928,#82,.T.);
#796=EDGE_CURVE('',#928,#929,#159,.T.);
#797=EDGE_CURVE('',#929,#923,#83,.T.);
#798=EDGE_CURVE('',#930,#930,#1008,.T.);
#799=EDGE_CURVE('',#931,#932,#160,.T.);
#800=EDGE_CURVE('',#922,#931,#161,.T.);
#801=EDGE_CURVE('',#923,#932,#162,.T.);
#802=EDGE_CURVE('',#931,#933,#84,.T.);
#803=EDGE_CURVE('',#924,#933,#163,.T.);
#804=EDGE_CURVE('',#934,#933,#164,.T.);
#805=EDGE_CURVE('',#925,#934,#165,.T.);
#806=EDGE_CURVE('',#934,#935,#85,.T.);
#807=EDGE_CURVE('',#926,#935,#166,.T.);
#808=EDGE_CURVE('',#935,#936,#167,.T.);
#809=EDGE_CURVE('',#927,#936,#168,.T.);
#810=EDGE_CURVE('',#936,#937,#86,.T.);
#811=EDGE_CURVE('',#928,#937,#169,.T.);
#812=EDGE_CURVE('',#937,#938,#170,.T.);
#813=EDGE_CURVE('',#929,#938,#171,.T.);
#814=EDGE_CURVE('',#938,#932,#87,.T.);
#815=EDGE_CURVE('',#939,#939,#1009,.T.);
#816=EDGE_CURVE('',#940,#940,#88,.T.);
#817=EDGE_CURVE('',#941,#941,#89,.T.);
#818=VERTEX_POINT('',#1860);
#819=VERTEX_POINT('',#1861);
#820=VERTEX_POINT('',#1870);
#821=VERTEX_POINT('',#1880);
#822=VERTEX_POINT('',#1889);
#823=VERTEX_POINT('',#1908);
#824=VERTEX_POINT('',#1919);
#825=VERTEX_POINT('',#1938);
#826=VERTEX_POINT('',#1970);
#827=VERTEX_POINT('',#1989);
#828=VERTEX_POINT('',#2007);
#829=VERTEX_POINT('',#2026);
#830=VERTEX_POINT('',#2040);
#831=VERTEX_POINT('',#2060);
#832=VERTEX_POINT('',#2061);
#833=VERTEX_POINT('',#2063);
#834=VERTEX_POINT('',#2065);
#835=VERTEX_POINT('',#2067);
#836=VERTEX_POINT('',#2069);
#837=VERTEX_POINT('',#2071);
#838=VERTEX_POINT('',#2073);
#839=VERTEX_POINT('',#2100);
#840=VERTEX_POINT('',#2101);
#841=VERTEX_POINT('',#2145);
#842=VERTEX_POINT('',#2146);
#843=VERTEX_POINT('',#2169);
#844=VERTEX_POINT('',#2170);
#845=VERTEX_POINT('',#2229);
#846=VERTEX_POINT('',#2230);
#847=VERTEX_POINT('',#2259);
#848=VERTEX_POINT('',#2260);
#849=VERTEX_POINT('',#2262);
#850=VERTEX_POINT('',#2281);
#851=VERTEX_POINT('',#2354);
#852=VERTEX_POINT('',#2373);
#853=VERTEX_POINT('',#2375);
#854=VERTEX_POINT('',#2430);
#855=VERTEX_POINT('',#2485);
#856=VERTEX_POINT('',#2504);
#857=VERTEX_POINT('',#2599);
#858=VERTEX_POINT('',#2619);
#859=VERTEX_POINT('',#2630);
#860=VERTEX_POINT('',#2673);
#861=VERTEX_POINT('',#2674);
#862=VERTEX_POINT('',#2679);
#863=VERTEX_POINT('',#2683);
#864=VERTEX_POINT('',#2687);
#865=VERTEX_POINT('',#2691);
#866=VERTEX_POINT('',#2695);
#867=VERTEX_POINT('',#2699);
#868=VERTEX_POINT('',#2738);
#869=VERTEX_POINT('',#2739);
#870=VERTEX_POINT('',#2915);
#871=VERTEX_POINT('',#2917);
#872=VERTEX_POINT('',#2983);
#873=VERTEX_POINT('',#2985);
#874=VERTEX_POINT('',#3014);
#875=VERTEX_POINT('',#3020);
#876=VERTEX_POINT('',#3131);
#877=VERTEX_POINT('',#3200);
#878=VERTEX_POINT('',#3349);
#879=VERTEX_POINT('',#3438);
#880=VERTEX_POINT('',#3443);
#881=VERTEX_POINT('',#3445);
#882=VERTEX_POINT('',#3446);
#883=VERTEX_POINT('',#3448);
#884=VERTEX_POINT('',#3450);
#885=VERTEX_POINT('',#3452);
#886=VERTEX_POINT('',#3454);
#887=VERTEX_POINT('',#3456);
#888=VERTEX_POINT('',#3458);
#889=VERTEX_POINT('',#3462);
#890=VERTEX_POINT('',#3463);
#891=VERTEX_POINT('',#3465);
#892=VERTEX_POINT('',#3467);
#893=VERTEX_POINT('',#3471);
#894=VERTEX_POINT('',#3473);
#895=VERTEX_POINT('',#3477);
#896=VERTEX_POINT('',#3479);
#897=VERTEX_POINT('',#3483);
#898=VERTEX_POINT('',#3485);
#899=VERTEX_POINT('',#3489);
#900=VERTEX_POINT('',#3491);
#901=VERTEX_POINT('',#3495);
#902=VERTEX_POINT('',#3497);
#903=VERTEX_POINT('',#3501);
#904=VERTEX_POINT('',#3503);
#905=VERTEX_POINT('',#3510);
#906=VERTEX_POINT('',#3515);
#907=VERTEX_POINT('',#3517);
#908=VERTEX_POINT('',#3521);
#909=VERTEX_POINT('',#3525);
#910=VERTEX_POINT('',#3529);
#911=VERTEX_POINT('',#3533);
#912=VERTEX_POINT('',#3537);
#913=VERTEX_POINT('',#3541);
#914=VERTEX_POINT('',#3547);
#915=VERTEX_POINT('',#3550);
#916=VERTEX_POINT('',#3553);
#917=VERTEX_POINT('',#3556);
#918=VERTEX_POINT('',#3561);
#919=VERTEX_POINT('',#3563);
#920=VERTEX_POINT('',#3595);
#921=VERTEX_POINT('',#3626);
#922=VERTEX_POINT('',#3629);
#923=VERTEX_POINT('',#3630);
#924=VERTEX_POINT('',#3632);
#925=VERTEX_POINT('',#3634);
#926=VERTEX_POINT('',#3636);
#927=VERTEX_POINT('',#3638);
#928=VERTEX_POINT('',#3640);
#929=VERTEX_POINT('',#3642);
#930=VERTEX_POINT('',#3675);
#931=VERTEX_POINT('',#3678);
#932=VERTEX_POINT('',#3679);
#933=VERTEX_POINT('',#3684);
#934=VERTEX_POINT('',#3688);
#935=VERTEX_POINT('',#3692);
#936=VERTEX_POINT('',#3696);
#937=VERTEX_POINT('',#3700);
#938=VERTEX_POINT('',#3704);
#939=VERTEX_POINT('',#3861);
#940=VERTEX_POINT('',#3865);
#941=VERTEX_POINT('',#3869);
#942=B_SPLINE_CURVE_WITH_KNOTS('',3,(#1836,#1837,#1838,#1839,#1840,#1841,
#1842,#1843,#1844,#1845,#1846,#1847,#1848,#1849,#1850,#1851,#1852,#1853,
#1854,#1855,#1856,#1857,#1858,#1859),.UNSPECIFIED.,.T.,.F.,(1,3,1,1,1,1,
1,1,1,1,1,1,1,1,1,1,1,1,1,1,1,1,3,1),(-0.0385767482903707,0.,0.11794341983328,
0.154795960938492,0.192921790684648,0.234221511978327,0.268841024237968,
0.299656053599535,0.337665139848471,0.355261200716118,0.394005918379235,
0.41709235731244,0.452128504926593,0.486345410667103,0.521596891467277,
0.548525900953774,0.62017642513534,0.664696959966399,0.789981551223456,
0.843386462495736,0.92419586035091,0.961423251709629,1.,1.11794341983328),
 .UNSPECIFIED.);
#943=B_SPLINE_CURVE_WITH_KNOTS('',3,(#1862,#1863,#1864,#1865,#1866,#1867,
#1868,#1869),.UNSPECIFIED.,.F.,.F.,(4,1,1,1,1,4),(0.,0.216131188014524,
0.430075603774329,0.667010164450558,0.904184617016663,1.),.UNSPECIFIED.);
#944=B_SPLINE_CURVE_WITH_KNOTS('',3,(#1871,#1872,#1873,#1874,#1875,#1876,
#1877,#1878,#1879),.UNSPECIFIED.,.F.,.F.,(4,1,1,1,1,1,4),(0.,0.208212476258854,
0.442052064589161,0.517462968733821,0.72106639874369,0.87519556311419,1.),
 .UNSPECIFIED.);
#945=B_SPLINE_CURVE_WITH_KNOTS('',3,(#1881,#1882,#1883,#1884,#1885,#1886,
#1887,#1888),.UNSPECIFIED.,.F.,.F.,(4,1,1,1,1,4),(0.,0.216131188014524,
0.430075603774329,0.667010164450558,0.904184617016663,1.),.UNSPECIFIED.);
#946=B_SPLINE_CURVE_WITH_KNOTS('',3,(#1890,#1891,#1892,#1893,#1894,#1895,
#1896,#1897,#1898,#1899,#1900,#1901,#1902,#1903,#1904,#1905,#1906,#1907),
 .UNSPECIFIED.,.F.,.F.,(4,1,1,1,1,1,1,1,1,1,1,1,1,1,1,4),(0.,0.0664400188343881,
0.138257137907642,0.205075977711879,0.296481404291461,0.389392637409574,
0.460810087375021,0.526988901390332,0.593842746302035,0.651008648791778,
0.708934472123233,0.770374653384232,0.829229942495998,0.898365808578715,
0.944044554954231,1.),.UNSPECIFIED.);
#947=B_SPLINE_CURVE_WITH_KNOTS('',3,(#1909,#1910,#1911,#1912,#1913,#1914,
#1915,#1916,#1917,#1918),.UNSPECIFIED.,.F.,.F.,(4,1,1,1,1,1,1,4),(0.,0.111683437567081,
0.24780802602995,0.399472830816198,0.544993143115613,0.624880824520049,
0.789408294869533,0.991345474347554),.UNSPECIFIED.);
#948=B_SPLINE_CURVE_WITH_KNOTS('',3,(#1920,#1921,#1922,#1923,#1924,#1925,
#1926,#1927,#1928,#1929,#1930,#1931,#1932,#1933,#1934,#1935,#1936,#1937),
 .UNSPECIFIED.,.F.,.F.,(4,1,1,1,1,1,1,1,1,1,1,1,1,1,1,4),(0.,0.0664400188343881,
0.138257137907642,0.205075977711879,0.296481404291461,0.389392637409574,
0.460810087375021,0.526988901390332,0.593842746302035,0.651008648791778,
0.708934472123233,0.770374653384232,0.829229942495998,0.898365808578715,
0.944044554954231,1.),.UNSPECIFIED.);
#949=B_SPLINE_CURVE_WITH_KNOTS('',3,(#1939,#1940,#1941,#1942,#1943,#1944,
#1945,#1946,#1947,#1948,#1949,#1950,#1951,#1952,#1953,#1954,#1955,#1956,
#1957,#1958,#1959,#1960,#1961,#1962,#1963,#1964,#1965,#1966,#1967,#1968,
#1969),.UNSPECIFIED.,.T.,.F.,(1,3,1,1,1,1,1,1,1,1,1,1,1,1,1,1,1,1,1,1,1,
1,1,1,1,1,1,1,1,3,1),(-0.0219591166363563,0.,0.0389187351568926,0.0548847728506808,
0.100606251422956,0.114834936762602,0.16481784760309,0.178243626079652,
0.234977752379248,0.252756350991219,0.315742809444282,0.334195130572236,
0.378283802841179,0.395242272036438,0.458759966864945,0.478270929018535,
0.548950467459249,0.560480353646501,0.642992844455522,0.660234048823885,
0.712873040071425,0.722664009749159,0.77561047650057,0.790251401869675,
0.848222817488122,0.858843648815787,0.914697615459713,0.929388648201934,
0.978040883363644,1.,1.03891873515689),.UNSPECIFIED.);
#950=B_SPLINE_CURVE_WITH_KNOTS('',3,(#1971,#1972,#1973,#1974,#1975,#1976,
#1977,#1978,#1979,#1980,#1981,#1982,#1983,#1984,#1985,#1986,#1987,#1988),
 .UNSPECIFIED.,.F.,.F.,(4,1,1,1,1,1,1,1,1,1,1,1,1,1,1,4),(0.,0.0664400188343881,
0.138257137907642,0.205075977711879,0.296481404291461,0.389392637409574,
0.460810087375021,0.526988901390332,0.593842746302035,0.651008648791778,
0.708934472123233,0.770374653384232,0.829229942495998,0.898365808578715,
0.944044554954231,1.),.UNSPECIFIED.);
#951=B_SPLINE_CURVE_WITH_KNOTS('',3,(#1990,#1991,#1992,#1993,#1994,#1995,
#1996,#1997,#1998,#1999,#2000,#2001,#2002,#2003,#2004,#2005,#2006),
 .UNSPECIFIED.,.T.,.F.,(1,3,1,1,1,1,1,1,1,1,1,1,1,1,1,3,1),(-0.065559463993813,
0.,0.115668667190641,0.217086778480807,0.258839554882121,0.329001038750915,
0.386633559082014,0.432941980211511,0.503596309074098,0.552869938254285,
0.609296937775906,0.688943982985941,0.791491552891843,0.84916574463358,
0.934440536006187,1.,1.11566866719064),.UNSPECIFIED.);
#952=B_SPLINE_CURVE_WITH_KNOTS('',3,(#2008,#2009,#2010,#2011,#2012,#2013,
#2014,#2015,#2016,#2017,#2018,#2019,#2020,#2021,#2022,#2023,#2024,#2025),
 .UNSPECIFIED.,.F.,.F.,(4,1,1,1,1,1,1,1,1,1,1,1,1,1,1,4),(0.,0.0664400188343881,
0.138257137907642,0.205075977711879,0.296481404291461,0.389392637409574,
0.460810087375021,0.526988901390332,0.593842746302035,0.651008648791778,
0.708934472123233,0.770374653384232,0.829229942495998,0.898365808578715,
0.944044554954231,1.),.UNSPECIFIED.);
#953=B_SPLINE_CURVE_WITH_KNOTS('',3,(#2027,#2028,#2029,#2030,#2031,#2032,
#2033,#2034,#2035,#2036,#2037,#2038,#2039),.UNSPECIFIED.,.T.,.F.,(1,3,1,
1,1,1,1,1,1,1,1,3,1),(-0.074722487937916,0.,0.120630548424434,0.283230981812458,
0.348835641300304,0.457391353720754,0.548178622568917,0.605866223359781,
0.652798531227341,0.823638251173428,0.925277512062084,1.,1.12063054842443),
 .UNSPECIFIED.);
#954=B_SPLINE_CURVE_WITH_KNOTS('',3,(#2041,#2042,#2043,#2044,#2045,#2046,
#2047,#2048,#2049,#2050,#2051,#2052,#2053,#2054,#2055,#2056,#2057,#2058),
 .UNSPECIFIED.,.F.,.F.,(4,1,1,1,1,1,1,1,1,1,1,1,1,1,1,4),(0.,0.0664400188343881,
0.138257137907642,0.205075977711879,0.296481404291461,0.389392637409574,
0.460810087375021,0.526988901390332,0.593842746302035,0.651008648791778,
0.708934472123233,0.770374653384232,0.829229942495998,0.898365808578715,
0.944044554954231,1.),.UNSPECIFIED.);
#955=B_SPLINE_CURVE_WITH_KNOTS('',3,(#2076,#2077,#2078,#2079,#2080,#2081,
#2082,#2083,#2084,#2085,#2086,#2087,#2088,#2089,#2090,#2091,#2092,#2093,
#2094,#2095,#2096,#2097,#2098,#2099),.UNSPECIFIED.,.T.,.F.,(1,3,1,1,1,1,
1,1,1,1,1,1,1,1,1,1,1,1,1,1,1,1,3,1),(-0.0385767482903707,0.,0.11794341983328,
0.154795960938492,0.192921790684648,0.234221511978327,0.268841024237968,
0.299656053599535,0.337665139848471,0.355261200716118,0.394005918379235,
0.41709235731244,0.452128504926593,0.486345410667103,0.521596891467277,
0.548525900953774,0.62017642513534,0.664696959966399,0.789981551223456,
0.843386462495736,0.92419586035091,0.961423251709629,1.,1.11794341983328),
 .UNSPECIFIED.);
#956=B_SPLINE_CURVE_WITH_KNOTS('',3,(#2102,#2103,#2104,#2105,#2106,#2107,
#2108,#2109,#2110,#2111,#2112,#2113,#2114,#2115,#2116,#2117,#2118,#2119),
 .UNSPECIFIED.,.F.,.F.,(4,1,1,1,1,1,1,1,1,1,1,1,1,1,1,4),(0.,0.0664400188343881,
0.138257137907642,0.205075977711879,0.296481404291461,0.389392637409574,
0.460810087375021,0.526988901390332,0.593842746302035,0.651008648791778,
0.708934472123233,0.770374653384232,0.829229942495998,0.898365808578715,
0.944044554954231,1.),.UNSPECIFIED.);
#957=B_SPLINE_CURVE_WITH_KNOTS('',3,(#2121,#2122,#2123,#2124,#2125,#2126,
#2127,#2128,#2129,#2130,#2131,#2132,#2133,#2134,#2135,#2136,#2137,#2138,
#2139,#2140,#2141,#2142,#2143,#2144),.UNSPECIFIED.,.T.,.F.,(1,3,1,1,1,1,
1,1,1,1,1,1,1,1,1,1,1,1,1,1,1,1,3,1),(-0.0385767482903707,0.,0.11794341983328,
0.154795960938492,0.192921790684648,0.234221511978327,0.268841024237968,
0.299656053599535,0.337665139848471,0.355261200716118,0.394005918379235,
0.41709235731244,0.452128504926593,0.486345410667103,0.521596891467277,
0.548525900953774,0.62017642513534,0.664696959966399,0.789981551223456,
0.843386462495736,0.92419586035091,0.961423251709629,1.,1.11794341983328),
 .UNSPECIFIED.);
#958=B_SPLINE_CURVE_WITH_KNOTS('',3,(#2147,#2148,#2149,#2150,#2151,#2152,
#2153,#2154),.UNSPECIFIED.,.F.,.F.,(4,1,1,1,1,4),(0.,0.216131188014524,
0.430075603774329,0.667010164450558,0.904184617016663,1.),.UNSPECIFIED.);
#959=B_SPLINE_CURVE_WITH_KNOTS('',3,(#2156,#2157,#2158,#2159,#2160,#2161,
#2162,#2163,#2164,#2165,#2166,#2167,#2168),.UNSPECIFIED.,.T.,.F.,(1,3,1,
1,1,1,1,1,1,1,1,3,1),(-0.074722487937916,0.,0.120630548424434,0.283230981812458,
0.348835641300304,0.457391353720754,0.548178622568917,0.605866223359781,
0.652798531227341,0.823638251173428,0.925277512062084,1.,1.12063054842443),
 .UNSPECIFIED.);
#960=B_SPLINE_CURVE_WITH_KNOTS('',3,(#2171,#2172,#2173,#2174,#2175,#2176,
#2177,#2178,#2179,#2180,#2181,#2182,#2183,#2184,#2185,#2186,#2187,#2188),
 .UNSPECIFIED.,.F.,.F.,(4,1,1,1,1,1,1,1,1,1,1,1,1,1,1,4),(0.,0.0664400188343881,
0.138257137907642,0.205075977711879,0.296481404291461,0.389392637409574,
0.460810087375021,0.526988901390332,0.593842746302035,0.651008648791778,
0.708934472123233,0.770374653384232,0.829229942495998,0.898365808578715,
0.944044554954231,1.),.UNSPECIFIED.);
#961=B_SPLINE_CURVE_WITH_KNOTS('',3,(#2211,#2212,#2213,#2214,#2215,#2216,
#2217,#2218,#2219,#2220,#2221,#2222,#2223,#2224,#2225,#2226,#2227,#2228),
 .UNSPECIFIED.,.F.,.F.,(4,1,1,1,1,1,1,1,1,1,1,1,1,1,1,4),(0.,0.0664400188343881,
0.138257137907642,0.205075977711879,0.296481404291461,0.389392637409574,
0.460810087375021,0.526988901390332,0.593842746302035,0.651008648791778,
0.708934472123233,0.770374653384232,0.829229942495998,0.898365808578715,
0.944044554954231,1.),.UNSPECIFIED.);
#962=B_SPLINE_CURVE_WITH_KNOTS('',3,(#2241,#2242,#2243,#2244,#2245,#2246,
#2247,#2248,#2249,#2250,#2251,#2252,#2253,#2254,#2255,#2256,#2257,#2258),
 .UNSPECIFIED.,.F.,.F.,(4,1,1,1,1,1,1,1,1,1,1,1,1,1,1,4),(0.,0.0664400188343881,
0.138257137907642,0.205075977711879,0.296481404291461,0.389392637409574,
0.460810087375021,0.526988901390332,0.593842746302035,0.651008648791778,
0.708934472123233,0.770374653384232,0.829229942495998,0.898365808578715,
0.944044554954231,1.),.UNSPECIFIED.);
#963=B_SPLINE_CURVE_WITH_KNOTS('',3,(#2263,#2264,#2265,#2266,#2267,#2268,
#2269,#2270,#2271,#2272,#2273,#2274,#2275,#2276,#2277,#2278,#2279,#2280),
 .UNSPECIFIED.,.F.,.F.,(4,1,1,1,1,1,1,1,1,1,1,1,1,1,1,4),(0.,0.0664400188343881,
0.138257137907642,0.205075977711879,0.296481404291461,0.389392637409574,
0.460810087375021,0.526988901390332,0.593842746302035,0.651008648791778,
0.708934472123233,0.770374653384232,0.829229942495998,0.898365808578715,
0.944044554954231,1.),.UNSPECIFIED.);
#964=B_SPLINE_CURVE_WITH_KNOTS('',3,(#2355,#2356,#2357,#2358,#2359,#2360,
#2361,#2362,#2363,#2364,#2365,#2366,#2367,#2368,#2369,#2370,#2371,#2372),
 .UNSPECIFIED.,.F.,.F.,(4,1,1,1,1,1,1,1,1,1,1,1,1,1,1,4),(0.,0.0664400188343881,
0.138257137907642,0.205075977711879,0.296481404291461,0.389392637409574,
0.460810087375021,0.526988901390332,0.593842746302035,0.651008648791778,
0.708934472123233,0.770374653384232,0.829229942495998,0.898365808578715,
0.944044554954231,1.),.UNSPECIFIED.);
#965=B_SPLINE_CURVE_WITH_KNOTS('',3,(#2376,#2377,#2378,#2379,#2380,#2381,
#2382,#2383,#2384,#2385,#2386,#2387,#2388,#2389,#2390,#2391,#2392,#2393),
 .UNSPECIFIED.,.F.,.F.,(4,1,1,1,1,1,1,1,1,1,1,1,1,1,1,4),(0.,0.0664400188343881,
0.138257137907642,0.205075977711879,0.296481404291461,0.389392637409574,
0.460810087375021,0.526988901390332,0.593842746302035,0.651008648791778,
0.708934472123233,0.770374653384232,0.829229942495998,0.898365808578715,
0.944044554954231,1.),.UNSPECIFIED.);
#966=B_SPLINE_CURVE_WITH_KNOTS('',3,(#2394,#2395,#2396,#2397,#2398,#2399,
#2400,#2401,#2402,#2403,#2404,#2405,#2406,#2407,#2408,#2409,#2410,#2411),
 .UNSPECIFIED.,.F.,.F.,(4,1,1,1,1,1,1,1,1,1,1,1,1,1,1,4),(0.,0.0664400188343881,
0.138257137907642,0.205075977711879,0.296481404291461,0.389392637409574,
0.460810087375021,0.526988901390332,0.593842746302035,0.651008648791778,
0.708934472123233,0.770374653384232,0.829229942495998,0.898365808578715,
0.944044554954231,1.),.UNSPECIFIED.);
#967=B_SPLINE_CURVE_WITH_KNOTS('',3,(#2412,#2413,#2414,#2415,#2416,#2417,
#2418,#2419,#2420,#2421,#2422,#2423,#2424,#2425,#2426,#2427,#2428,#2429),
 .UNSPECIFIED.,.F.,.F.,(4,1,1,1,1,1,1,1,1,1,1,1,1,1,1,4),(0.,0.0664400188343881,
0.138257137907642,0.205075977711879,0.296481404291461,0.389392637409574,
0.460810087375021,0.526988901390332,0.593842746302035,0.651008648791778,
0.708934472123233,0.770374653384232,0.829229942495998,0.898365808578715,
0.944044554954231,1.),.UNSPECIFIED.);
#968=B_SPLINE_CURVE_WITH_KNOTS('',3,(#2431,#2432,#2433,#2434,#2435,#2436,
#2437,#2438,#2439,#2440,#2441,#2442,#2443,#2444,#2445,#2446,#2447,#2448),
 .UNSPECIFIED.,.F.,.F.,(4,1,1,1,1,1,1,1,1,1,1,1,1,1,1,4),(0.,0.0664400188343881,
0.138257137907642,0.205075977711879,0.296481404291461,0.389392637409574,
0.460810087375021,0.526988901390332,0.593842746302035,0.651008648791778,
0.708934472123233,0.770374653384232,0.829229942495998,0.898365808578715,
0.944044554954231,1.),.UNSPECIFIED.);
#969=B_SPLINE_CURVE_WITH_KNOTS('',3,(#2449,#2450,#2451,#2452,#2453,#2454,
#2455,#2456,#2457,#2458,#2459,#2460,#2461,#2462,#2463,#2464,#2465,#2466),
 .UNSPECIFIED.,.F.,.F.,(4,1,1,1,1,1,1,1,1,1,1,1,1,1,1,4),(0.,0.0664400188343881,
0.138257137907642,0.205075977711879,0.296481404291461,0.389392637409574,
0.460810087375021,0.526988901390332,0.593842746302035,0.651008648791778,
0.708934472123233,0.770374653384232,0.829229942495998,0.898365808578715,
0.944044554954231,1.),.UNSPECIFIED.);
#970=B_SPLINE_CURVE_WITH_KNOTS('',3,(#2467,#2468,#2469,#2470,#2471,#2472,
#2473,#2474,#2475,#2476,#2477,#2478,#2479,#2480,#2481,#2482,#2483,#2484),
 .UNSPECIFIED.,.F.,.F.,(4,1,1,1,1,1,1,1,1,1,1,1,1,1,1,4),(0.,0.0664400188343881,
0.138257137907642,0.205075977711879,0.296481404291461,0.389392637409574,
0.460810087375021,0.526988901390332,0.593842746302035,0.651008648791778,
0.708934472123233,0.770374653384232,0.829229942495998,0.898365808578715,
0.944044554954231,1.),.UNSPECIFIED.);
#971=B_SPLINE_CURVE_WITH_KNOTS('',3,(#2486,#2487,#2488,#2489,#2490,#2491,
#2492,#2493,#2494,#2495,#2496,#2497,#2498,#2499,#2500,#2501,#2502,#2503),
 .UNSPECIFIED.,.F.,.F.,(4,1,1,1,1,1,1,1,1,1,1,1,1,1,1,4),(0.,0.0664400188343881,
0.138257137907642,0.205075977711879,0.296481404291461,0.389392637409574,
0.460810087375021,0.526988901390332,0.593842746302035,0.651008648791778,
0.708934472123233,0.770374653384232,0.829229942495998,0.898365808578715,
0.944044554954231,1.),.UNSPECIFIED.);
#972=B_SPLINE_CURVE_WITH_KNOTS('',3,(#2505,#2506,#2507,#2508,#2509,#2510,
#2511,#2512,#2513,#2514,#2515,#2516,#2517,#2518,#2519,#2520,#2521,#2522),
 .UNSPECIFIED.,.F.,.F.,(4,1,1,1,1,1,1,1,1,1,1,1,1,1,1,4),(0.,0.0664400188343881,
0.138257137907642,0.205075977711879,0.296481404291461,0.389392637409574,
0.460810087375021,0.526988901390332,0.593842746302035,0.651008648791778,
0.708934472123233,0.770374653384232,0.829229942495998,0.898365808578715,
0.944044554954231,1.),.UNSPECIFIED.);
#973=B_SPLINE_CURVE_WITH_KNOTS('',3,(#2524,#2525,#2526,#2527,#2528,#2529,
#2530,#2531,#2532,#2533,#2534,#2535,#2536,#2537,#2538,#2539,#2540,#2541,
#2542,#2543,#2544,#2545,#2546,#2547,#2548,#2549,#2550,#2551,#2552,#2553,
#2554),.UNSPECIFIED.,.T.,.F.,(1,3,1,1,1,1,1,1,1,1,1,1,1,1,1,1,1,1,1,1,1,
1,1,1,1,1,1,1,1,3,1),(-0.0219591166363563,0.,0.0389187351568926,0.0548847728506808,
0.100606251422956,0.114834936762602,0.16481784760309,0.178243626079652,
0.234977752379248,0.252756350991219,0.315742809444282,0.334195130572236,
0.378283802841179,0.395242272036438,0.458759966864945,0.478270929018535,
0.548950467459249,0.560480353646501,0.642992844455522,0.660234048823885,
0.712873040071425,0.722664009749159,0.77561047650057,0.790251401869675,
0.848222817488122,0.858843648815787,0.914697615459713,0.929388648201934,
0.978040883363644,1.,1.03891873515689),.UNSPECIFIED.);
#974=B_SPLINE_CURVE_WITH_KNOTS('',3,(#2556,#2557,#2558,#2559,#2560,#2561,
#2562,#2563,#2564,#2565,#2566,#2567,#2568,#2569,#2570,#2571,#2572),
 .UNSPECIFIED.,.T.,.F.,(1,3,1,1,1,1,1,1,1,1,1,1,1,1,1,3,1),(-0.065559463993813,
0.,0.115668667190641,0.217086778480807,0.258839554882121,0.329001038750915,
0.386633559082014,0.432941980211511,0.503596309074098,0.552869938254285,
0.609296937775906,0.688943982985941,0.791491552891843,0.84916574463358,
0.934440536006187,1.,1.11566866719064),.UNSPECIFIED.);
#975=B_SPLINE_CURVE_WITH_KNOTS('',3,(#2581,#2582,#2583,#2584,#2585,#2586,
#2587,#2588,#2589,#2590,#2591,#2592,#2593,#2594,#2595,#2596,#2597,#2598),
 .UNSPECIFIED.,.F.,.F.,(4,1,1,1,1,1,1,1,1,1,1,1,1,1,1,4),(0.,0.0664400188343881,
0.138257137907642,0.205075977711879,0.296481404291461,0.389392637409574,
0.460810087375021,0.526988901390332,0.593842746302035,0.651008648791778,
0.708934472123233,0.770374653384232,0.829229942495998,0.898365808578715,
0.944044554954231,1.),.UNSPECIFIED.);
#976=B_SPLINE_CURVE_WITH_KNOTS('',3,(#2601,#2602,#2603,#2604,#2605,#2606,
#2607,#2608,#2609,#2610,#2611,#2612,#2613,#2614,#2615,#2616,#2617,#2618),
 .UNSPECIFIED.,.F.,.F.,(4,1,1,1,1,1,1,1,1,1,1,1,1,1,1,4),(0.,0.0664400188343881,
0.138257137907642,0.205075977711879,0.296481404291461,0.389392637409574,
0.460810087375021,0.526988901390332,0.593842746302035,0.651008648791778,
0.708934472123233,0.770374653384232,0.829229942495998,0.898365808578715,
0.944044554954231,1.),.UNSPECIFIED.);
#977=B_SPLINE_CURVE_WITH_KNOTS('',3,(#2622,#2623,#2624,#2625,#2626,#2627,
#2628,#2629),.UNSPECIFIED.,.F.,.F.,(4,3,1,4),(-0.00893915701573978,0.00105129837148709,
0.489287800438075,1.),.UNSPECIFIED.);
#978=B_SPLINE_CURVE_WITH_KNOTS('',3,(#2631,#2632,#2633,#2634,#2635,#2636,
#2637,#2638,#2639,#2640,#2641,#2642,#2643,#2644,#2645,#2646,#2647,#2648),
 .UNSPECIFIED.,.F.,.F.,(4,1,1,1,1,1,1,1,1,1,1,1,1,1,1,4),(0.,0.0664400188343881,
0.138257137907642,0.205075977711879,0.296481404291461,0.389392637409574,
0.460810087375021,0.526988901390332,0.593842746302035,0.651008648791778,
0.708934472123233,0.770374653384232,0.829229942495998,0.898365808578715,
0.944044554954231,1.),.UNSPECIFIED.);
#979=B_SPLINE_CURVE_WITH_KNOTS('',3,(#2650,#2651,#2652,#2653,#2654,#2655,
#2656,#2657),.UNSPECIFIED.,.F.,.F.,(4,1,1,1,1,4),(0.,0.216131188014524,
0.430075603774329,0.667010164450558,0.904184617016663,1.),.UNSPECIFIED.);
#980=B_SPLINE_CURVE_WITH_KNOTS('',3,(#2658,#2659,#2660,#2661),
 .UNSPECIFIED.,.F.,.F.,(4,4),(0.,1.),.PIECEWISE_BEZIER_KNOTS.);
#981=B_SPLINE_CURVE_WITH_KNOTS('',3,(#2663,#2664,#2665,#2666,#2667,#2668,
#2669,#2670),.UNSPECIFIED.,.F.,.F.,(4,3,1,4),(-0.00893915701573978,0.00105129837148709,
0.489287800438075,1.),.UNSPECIFIED.);
#982=B_SPLINE_CURVE_WITH_KNOTS('',3,(#2720,#2721,#2722,#2723,#2724,#2725,
#2726,#2727,#2728,#2729,#2730,#2731,#2732,#2733,#2734,#2735,#2736,#2737),
 .UNSPECIFIED.,.F.,.F.,(4,1,1,1,1,1,1,1,1,1,1,1,1,1,1,4),(0.,0.0664400188343881,
0.138257137907642,0.205075977711879,0.296481404291461,0.389392637409574,
0.460810087375021,0.526988901390332,0.593842746302035,0.651008648791778,
0.708934472123233,0.770374653384232,0.829229942495998,0.898365808578715,
0.944044554954231,1.),.UNSPECIFIED.);
#983=B_SPLINE_CURVE_WITH_KNOTS('',3,(#2780,#2781,#2782,#2783,#2784,#2785,
#2786,#2787),.UNSPECIFIED.,.F.,.F.,(4,1,1,1,1,4),(0.,0.216131188014524,
0.430075603774329,0.667010164450558,0.904184617016663,1.),.UNSPECIFIED.);
#984=B_SPLINE_CURVE_WITH_KNOTS('',3,(#2788,#2789,#2790,#2791,#2792,#2793,
#2794,#2795),.UNSPECIFIED.,.F.,.F.,(4,1,1,1,1,4),(0.,0.216131188014524,
0.430075603774329,0.667010164450558,0.904184617016663,1.),.UNSPECIFIED.);
#985=B_SPLINE_CURVE_WITH_KNOTS('',3,(#2796,#2797,#2798,#2799,#2800,#2801,
#2802,#2803),.UNSPECIFIED.,.F.,.F.,(4,1,1,1,1,4),(0.,0.216131188014524,
0.430075603774329,0.667010164450558,0.904184617016663,1.),.UNSPECIFIED.);
#986=B_SPLINE_CURVE_WITH_KNOTS('',3,(#2805,#2806,#2807,#2808,#2809,#2810,
#2811,#2812,#2813,#2814,#2815,#2816,#2817,#2818,#2819,#2820,#2821,#2822,
#2823,#2824,#2825,#2826,#2827,#2828,#2829,#2830,#2831,#2832,#2833,#2834,
#2835),.UNSPECIFIED.,.T.,.F.,(1,3,1,1,1,1,1,1,1,1,1,1,1,1,1,1,1,1,1,1,1,
1,1,1,1,1,1,1,1,3,1),(-0.0219591166363563,0.,0.0389187351568926,0.0548847728506808,
0.100606251422956,0.114834936762602,0.16481784760309,0.178243626079652,
0.234977752379248,0.252756350991219,0.315742809444282,0.334195130572236,
0.378283802841179,0.395242272036438,0.458759966864945,0.478270929018535,
0.548950467459249,0.560480353646501,0.642992844455522,0.660234048823885,
0.712873040071425,0.722664009749159,0.77561047650057,0.790251401869675,
0.848222817488122,0.858843648815787,0.914697615459713,0.929388648201934,
0.978040883363644,1.,1.03891873515689),.UNSPECIFIED.);
#987=B_SPLINE_CURVE_WITH_KNOTS('',3,(#2836,#2837,#2838,#2839,#2840),
 .UNSPECIFIED.,.F.,.F.,(4,1,4),(0.00105129837148709,0.489287800438075,1.),
 .UNSPECIFIED.);
#988=B_SPLINE_CURVE_WITH_KNOTS('',3,(#2841,#2842,#2843,#2844,#2845,#2846,
#2847,#2848,#2849,#2850,#2851,#2852,#2853,#2854,#2855,#2856,#2857,#2858,
#2859,#2860,#2861,#2862,#2863,#2864,#2865,#2866,#2867,#2868,#2869,#2870,
#2871),.UNSPECIFIED.,.T.,.F.,(1,3,1,1,1,1,1,1,1,1,1,1,1,1,1,1,1,1,1,1,1,
1,1,1,1,1,1,1,1,3,1),(-0.0219591166363563,0.,0.0389187351568926,0.0548847728506808,
0.100606251422956,0.114834936762602,0.16481784760309,0.178243626079652,
0.234977752379248,0.252756350991219,0.315742809444282,0.334195130572236,
0.378283802841179,0.395242272036438,0.458759966864945,0.478270929018535,
0.548950467459249,0.560480353646501,0.642992844455522,0.660234048823885,
0.712873040071425,0.722664009749159,0.77561047650057,0.790251401869675,
0.848222817488122,0.858843648815787,0.914697615459713,0.929388648201934,
0.978040883363644,1.,1.03891873515689),.UNSPECIFIED.);
#989=B_SPLINE_CURVE_WITH_KNOTS('',3,(#2918,#2919,#2920,#2921,#2922,#2923,
#2924,#2925,#2926),.UNSPECIFIED.,.F.,.F.,(4,1,1,1,1,1,4),(0.,0.208212476258854,
0.442052064589161,0.517462968733821,0.72106639874369,0.87519556311419,1.),
 .UNSPECIFIED.);
#990=B_SPLINE_CURVE_WITH_KNOTS('',3,(#2935,#2936,#2937,#2938),
 .UNSPECIFIED.,.F.,.F.,(4,4),(0.,1.),.PIECEWISE_BEZIER_KNOTS.);
#991=B_SPLINE_CURVE_WITH_KNOTS('',3,(#2986,#2987,#2988,#2989,#2990,#2991,
#2992,#2993,#2994,#2995),.UNSPECIFIED.,.F.,.F.,(4,1,1,1,1,1,1,4),(0.,0.111683437567081,
0.24780802602995,0.399472830816198,0.544993143115613,0.624880824520049,
0.789408294869533,0.991345474347554),.UNSPECIFIED.);
#992=B_SPLINE_CURVE_WITH_KNOTS('',3,(#3006,#3007,#3008,#3009,#3010,#3011,
#3012,#3013),.UNSPECIFIED.,.F.,.F.,(4,3,1,4),(-0.00893915701573978,0.00105129837148709,
0.489287800438075,1.),.UNSPECIFIED.);
#993=B_SPLINE_CURVE_WITH_KNOTS('',3,(#3015,#3016,#3017,#3018,#3019),
 .UNSPECIFIED.,.F.,.F.,(4,1,4),(0.00105129837148709,0.489287800438075,1.),
 .UNSPECIFIED.);
#994=B_SPLINE_CURVE_WITH_KNOTS('',3,(#3021,#3022,#3023,#3024,#3025,#3026,
#3027,#3028),.UNSPECIFIED.,.F.,.F.,(4,3,1,4),(-0.00893915701573978,0.00105129837148709,
0.489287800438075,1.),.UNSPECIFIED.);
#995=B_SPLINE_CURVE_WITH_KNOTS('',3,(#3100,#3101,#3102,#3103,#3104,#3105,
#3106,#3107,#3108,#3109,#3110,#3111,#3112,#3113,#3114,#3115,#3116,#3117,
#3118,#3119,#3120,#3121,#3122,#3123,#3124,#3125,#3126,#3127,#3128,#3129,
#3130),.UNSPECIFIED.,.T.,.F.,(1,3,1,1,1,1,1,1,1,1,1,1,1,1,1,1,1,1,1,1,1,
1,1,1,1,1,1,1,1,3,1),(-0.0219591166363563,0.,0.0389187351568926,0.0548847728506808,
0.100606251422956,0.114834936762602,0.16481784760309,0.178243626079652,
0.234977752379248,0.252756350991219,0.315742809444282,0.334195130572236,
0.378283802841179,0.395242272036438,0.458759966864945,0.478270929018535,
0.548950467459249,0.560480353646501,0.642992844455522,0.660234048823885,
0.712873040071425,0.722664009749159,0.77561047650057,0.790251401869675,
0.848222817488122,0.858843648815787,0.914697615459713,0.929388648201934,
0.978040883363644,1.,1.03891873515689),.UNSPECIFIED.);
#996=B_SPLINE_CURVE_WITH_KNOTS('',3,(#3134,#3135,#3136,#3137,#3138,#3139,
#3140,#3141,#3142,#3143,#3144,#3145,#3146),.UNSPECIFIED.,.T.,.F.,(1,3,1,
1,1,1,1,1,1,1,1,3,1),(-0.074722487937916,0.,0.120630548424434,0.283230981812458,
0.348835641300304,0.457391353720754,0.548178622568917,0.605866223359781,
0.652798531227341,0.823638251173428,0.925277512062084,1.,1.12063054842443),
 .UNSPECIFIED.);
#997=B_SPLINE_CURVE_WITH_KNOTS('',3,(#3148,#3149,#3150,#3151,#3152,#3153,
#3154,#3155,#3156,#3157,#3158,#3159,#3160),.UNSPECIFIED.,.T.,.F.,(1,3,1,
1,1,1,1,1,1,1,1,3,1),(-0.074722487937916,0.,0.120630548424434,0.283230981812458,
0.348835641300304,0.457391353720754,0.548178622568917,0.605866223359781,
0.652798531227341,0.823638251173428,0.925277512062084,1.,1.12063054842443),
 .UNSPECIFIED.);
#998=B_SPLINE_CURVE_WITH_KNOTS('',3,(#3187,#3188,#3189,#3190,#3191,#3192,
#3193,#3194,#3195,#3196,#3197,#3198,#3199),.UNSPECIFIED.,.T.,.F.,(1,3,1,
1,1,1,1,1,1,1,1,3,1),(-0.074722487937916,0.,0.120630548424434,0.283230981812458,
0.348835641300304,0.457391353720754,0.548178622568917,0.605866223359781,
0.652798531227341,0.823638251173428,0.925277512062084,1.,1.12063054842443),
 .UNSPECIFIED.);
#999=B_SPLINE_CURVE_WITH_KNOTS('',3,(#3203,#3204,#3205,#3206,#3207,#3208,
#3209,#3210,#3211,#3212,#3213,#3214,#3215,#3216,#3217,#3218,#3219,#3220,
#3221,#3222,#3223,#3224,#3225,#3226),.UNSPECIFIED.,.T.,.F.,(1,3,1,1,1,1,
1,1,1,1,1,1,1,1,1,1,1,1,1,1,1,1,3,1),(-0.0385767482903707,0.,0.11794341983328,
0.154795960938492,0.192921790684648,0.234221511978327,0.268841024237968,
0.299656053599535,0.337665139848471,0.355261200716118,0.394005918379235,
0.41709235731244,0.452128504926593,0.486345410667103,0.521596891467277,
0.548525900953774,0.62017642513534,0.664696959966399,0.789981551223456,
0.843386462495736,0.92419586035091,0.961423251709629,1.,1.11794341983328),
 .UNSPECIFIED.);
#1000=B_SPLINE_CURVE_WITH_KNOTS('',3,(#3228,#3229,#3230,#3231,#3232,#3233,
#3234,#3235,#3236,#3237,#3238,#3239,#3240,#3241,#3242,#3243,#3244,#3245,
#3246,#3247,#3248,#3249,#3250,#3251),.UNSPECIFIED.,.T.,.F.,(1,3,1,1,1,1,
1,1,1,1,1,1,1,1,1,1,1,1,1,1,1,1,3,1),(-0.0385767482903707,0.,0.11794341983328,
0.154795960938492,0.192921790684648,0.234221511978327,0.268841024237968,
0.299656053599535,0.337665139848471,0.355261200716118,0.394005918379235,
0.41709235731244,0.452128504926593,0.486345410667103,0.521596891467277,
0.548525900953774,0.62017642513534,0.664696959966399,0.789981551223456,
0.843386462495736,0.92419586035091,0.961423251709629,1.,1.11794341983328),
 .UNSPECIFIED.);
#1001=B_SPLINE_CURVE_WITH_KNOTS('',3,(#3253,#3254,#3255,#3256,#3257,#3258,
#3259,#3260,#3261,#3262,#3263,#3264,#3265,#3266,#3267,#3268,#3269,#3270,
#3271,#3272,#3273,#3274,#3275,#3276),.UNSPECIFIED.,.T.,.F.,(1,3,1,1,1,1,
1,1,1,1,1,1,1,1,1,1,1,1,1,1,1,1,3,1),(-0.0385767482903707,0.,0.11794341983328,
0.154795960938492,0.192921790684648,0.234221511978327,0.268841024237968,
0.299656053599535,0.337665139848471,0.355261200716118,0.394005918379235,
0.41709235731244,0.452128504926593,0.486345410667103,0.521596891467277,
0.548525900953774,0.62017642513534,0.664696959966399,0.789981551223456,
0.843386462495736,0.92419586035091,0.961423251709629,1.,1.11794341983328),
 .UNSPECIFIED.);
#1002=B_SPLINE_CURVE_WITH_KNOTS('',3,(#3325,#3326,#3327,#3328,#3329,#3330,
#3331,#3332,#3333,#3334,#3335,#3336,#3337,#3338,#3339,#3340,#3341,#3342,
#3343,#3344,#3345,#3346,#3347,#3348),.UNSPECIFIED.,.T.,.F.,(1,3,1,1,1,1,
1,1,1,1,1,1,1,1,1,1,1,1,1,1,1,1,3,1),(-0.0385767482903707,0.,0.11794341983328,
0.154795960938492,0.192921790684648,0.234221511978327,0.268841024237968,
0.299656053599535,0.337665139848471,0.355261200716118,0.394005918379235,
0.41709235731244,0.452128504926593,0.486345410667103,0.521596891467277,
0.548525900953774,0.62017642513534,0.664696959966399,0.789981551223456,
0.843386462495736,0.92419586035091,0.961423251709629,1.,1.11794341983328),
 .UNSPECIFIED.);
#1003=B_SPLINE_CURVE_WITH_KNOTS('',3,(#3352,#3353,#3354,#3355,#3356,#3357,
#3358,#3359,#3360,#3361,#3362,#3363,#3364,#3365,#3366,#3367,#3368),
 .UNSPECIFIED.,.T.,.F.,(1,3,1,1,1,1,1,1,1,1,1,1,1,1,1,3,1),(-0.065559463993813,
0.,0.115668667190641,0.217086778480807,0.258839554882121,0.329001038750915,
0.386633559082014,0.432941980211511,0.503596309074098,0.552869938254285,
0.609296937775906,0.688943982985941,0.791491552891843,0.84916574463358,
0.934440536006187,1.,1.11566866719064),.UNSPECIFIED.);
#1004=B_SPLINE_CURVE_WITH_KNOTS('',3,(#3370,#3371,#3372,#3373,#3374,#3375,
#3376,#3377,#3378,#3379,#3380,#3381,#3382,#3383,#3384,#3385,#3386),
 .UNSPECIFIED.,.T.,.F.,(1,3,1,1,1,1,1,1,1,1,1,1,1,1,1,3,1),(-0.065559463993813,
0.,0.115668667190641,0.217086778480807,0.258839554882121,0.329001038750915,
0.386633559082014,0.432941980211511,0.503596309074098,0.552869938254285,
0.609296937775906,0.688943982985941,0.791491552891843,0.84916574463358,
0.934440536006187,1.,1.11566866719064),.UNSPECIFIED.);
#1005=B_SPLINE_CURVE_WITH_KNOTS('',3,(#3421,#3422,#3423,#3424,#3425,#3426,
#3427,#3428,#3429,#3430,#3431,#3432,#3433,#3434,#3435,#3436,#3437),
 .UNSPECIFIED.,.T.,.F.,(1,3,1,1,1,1,1,1,1,1,1,1,1,1,1,3,1),(-0.065559463993813,
0.,0.115668667190641,0.217086778480807,0.258839554882121,0.329001038750915,
0.386633559082014,0.432941980211511,0.503596309074098,0.552869938254285,
0.609296937775906,0.688943982985941,0.791491552891843,0.84916574463358,
0.934440536006187,1.,1.11566866719064),.UNSPECIFIED.);
#1006=B_SPLINE_CURVE_WITH_KNOTS('',3,(#3564,#3565,#3566,#3567,#3568,#3569,
#3570,#3571,#3572,#3573,#3574,#3575,#3576,#3577,#3578,#3579,#3580,#3581,
#3582,#3583,#3584,#3585,#3586,#3587,#3588,#3589,#3590,#3591,#3592,#3593,
#3594),.UNSPECIFIED.,.T.,.F.,(1,3,1,1,1,1,1,1,1,1,1,1,1,1,1,1,1,1,1,1,1,
1,1,1,1,1,1,1,1,3,1),(-0.0251058314753361,0.,0.0337129038328728,0.0682090779492658,
0.100038341246624,0.132365544617928,0.153662277816705,0.187372368927843,
0.219036395198145,0.266194556070056,0.289311559489587,0.312761170221947,
0.350403008662012,0.409236070759928,0.437036537466507,0.471003055064824,
0.512631467785742,0.558585115097044,0.592715651720656,0.639283285448427,
0.67261209897612,0.712095576831156,0.744927712611593,0.78125674684019,0.81782366382212,
0.858380022341866,0.903534354506849,0.940673520624452,0.974894168524664,
1.,1.03371290383287),.UNSPECIFIED.);
#1007=B_SPLINE_CURVE_WITH_KNOTS('',3,(#3596,#3597,#3598,#3599,#3600,#3601,
#3602,#3603,#3604,#3605,#3606,#3607,#3608,#3609,#3610,#3611,#3612,#3613,
#3614,#3615,#3616,#3617,#3618,#3619,#3620,#3621,#3622,#3623,#3624,#3625),
 .UNSPECIFIED.,.T.,.F.,(1,3,1,1,1,1,1,1,1,1,1,1,1,1,1,1,1,1,1,1,1,1,1,1,
1,1,1,1,3,1),(-0.0220733495831999,0.,0.0165844908771213,0.064464147024091,
0.110222747747809,0.151522499006317,0.19576374828211,0.247337345079753,
0.297147890348437,0.33992322068428,0.381324130299882,0.418256997807762,
0.440619498429862,0.442525860797075,0.46656579348663,0.519101256969539,
0.570518210952337,0.601176275283824,0.638525029354643,0.669009760715168,
0.708706328171151,0.750644246580776,0.797447650952736,0.840382470198519,
0.884124567619299,0.920479201886489,0.951017262497942,0.9779266504168,1.,
1.01658449087712),.UNSPECIFIED.);
#1008=B_SPLINE_CURVE_WITH_KNOTS('',3,(#3644,#3645,#3646,#3647,#3648,#3649,
#3650,#3651,#3652,#3653,#3654,#3655,#3656,#3657,#3658,#3659,#3660,#3661,
#3662,#3663,#3664,#3665,#3666,#3667,#3668,#3669,#3670,#3671,#3672,#3673,
#3674),.UNSPECIFIED.,.T.,.F.,(1,3,1,1,1,1,1,1,1,1,1,1,1,1,1,1,1,1,1,1,1,
1,1,1,1,1,1,1,1,3,1),(-0.0251058314753361,0.,0.0337129038328728,0.0682090779492658,
0.100038341246624,0.132365544617928,0.153662277816705,0.187372368927843,
0.219036395198145,0.266194556070056,0.289311559489587,0.312761170221947,
0.350403008662012,0.409236070759928,0.437036537466507,0.471003055064824,
0.512631467785742,0.558585115097044,0.592715651720656,0.639283285448427,
0.67261209897612,0.712095576831156,0.744927712611593,0.78125674684019,0.81782366382212,
0.858380022341866,0.903534354506849,0.940673520624452,0.974894168524664,
1.,1.03371290383287),.UNSPECIFIED.);
#1009=B_SPLINE_CURVE_WITH_KNOTS('',3,(#3831,#3832,#3833,#3834,#3835,#3836,
#3837,#3838,#3839,#3840,#3841,#3842,#3843,#3844,#3845,#3846,#3847,#3848,
#3849,#3850,#3851,#3852,#3853,#3854,#3855,#3856,#3857,#3858,#3859,#3860),
 .UNSPECIFIED.,.T.,.F.,(1,3,1,1,1,1,1,1,1,1,1,1,1,1,1,1,1,1,1,1,1,1,1,1,
1,1,1,1,3,1),(-0.0220733495831999,0.,0.0165844908771213,0.064464147024091,
0.110222747747809,0.151522499006317,0.19576374828211,0.247337345079753,
0.297147890348437,0.33992322068428,0.381324130299882,0.418256997807762,
0.440619498429862,0.442525860797075,0.46656579348663,0.519101256969539,
0.570518210952337,0.601176275283824,0.638525029354643,0.669009760715168,
0.708706328171151,0.750644246580776,0.797447650952736,0.840382470198519,
0.884124567619299,0.920479201886489,0.951017262497942,0.9779266504168,1.,
1.01658449087712),.UNSPECIFIED.);
#1010=EDGE_LOOP('',(#254,#255,#256,#257,#258,#259,#260,#261,#262,#263,#264,
#265,#266));
#1011=EDGE_LOOP('',(#267,#268,#269,#270,#271,#272,#273,#274));
#1012=EDGE_LOOP('',(#275,#276));
#1013=EDGE_LOOP('',(#277,#278));
#1014=EDGE_LOOP('',(#279,#280));
#1015=EDGE_LOOP('',(#281,#282,#283,#284));
#1016=EDGE_LOOP('',(#285,#286,#287,#288));
#1017=EDGE_LOOP('',(#289,#290,#291,#292,#293,#294,#295,#296,#297,#298,#299,
#300,#301,#302,#303,#304));
#1018=EDGE_LOOP('',(#305,#306));
#1019=EDGE_LOOP('',(#307,#308));
#1020=EDGE_LOOP('',(#309,#310,#311,#312));
#1021=EDGE_LOOP('',(#313,#314));
#1022=EDGE_LOOP('',(#315,#316));
#1023=EDGE_LOOP('',(#317,#318));
#1024=EDGE_LOOP('',(#319,#320,#321,#322));
#1025=EDGE_LOOP('',(#323,#324,#325,#326));
#1026=EDGE_LOOP('',(#327,#328,#329,#330));
#1027=EDGE_LOOP('',(#331,#332,#333,#334));
#1028=EDGE_LOOP('',(#335,#336,#337,#338));
#1029=EDGE_LOOP('',(#339,#340,#341,#342));
#1030=EDGE_LOOP('',(#343,#344,#345,#346));
#1031=EDGE_LOOP('',(#347,#348,#349,#350));
#1032=EDGE_LOOP('',(#351,#352,#353,#354,#355,#356,#357,#358));
#1033=EDGE_LOOP('',(#359,#360,#361,#362,#363));
#1034=EDGE_LOOP('',(#364,#365,#366,#367,#368,#369,#370,#371,#372));
#1035=EDGE_LOOP('',(#373,#374,#375,#376,#377,#378,#379,#380,#381));
#1036=EDGE_LOOP('',(#382,#383,#384,#385));
#1037=EDGE_LOOP('',(#386,#387,#388,#389));
#1038=EDGE_LOOP('',(#390,#391));
#1039=EDGE_LOOP('',(#392,#393,#394,#395));
#1040=EDGE_LOOP('',(#396,#397,#398,#399,#400,#401,#402,#403,#404,#405));
#1041=EDGE_LOOP('',(#406,#407,#408,#409));
#1042=EDGE_LOOP('',(#410,#411));
#1043=EDGE_LOOP('',(#412,#413,#414,#415,#416,#417,#418,#419));
#1044=EDGE_LOOP('',(#420));
#1045=EDGE_LOOP('',(#421));
#1046=EDGE_LOOP('',(#422,#423));
#1047=EDGE_LOOP('',(#424,#425));
#1048=EDGE_LOOP('',(#426));
#1049=EDGE_LOOP('',(#427,#428,#429,#430,#431));
#1050=EDGE_LOOP('',(#432));
#1051=EDGE_LOOP('',(#433,#434));
#1052=EDGE_LOOP('',(#435,#436));
#1053=EDGE_LOOP('',(#437,#438));
#1054=EDGE_LOOP('',(#439));
#1055=EDGE_LOOP('',(#440,#441,#442,#443,#444,#445,#446));
#1056=EDGE_LOOP('',(#447));
#1057=EDGE_LOOP('',(#448,#449));
#1058=EDGE_LOOP('',(#450,#451));
#1059=EDGE_LOOP('',(#452));
#1060=EDGE_LOOP('',(#453,#454,#455,#456));
#1061=EDGE_LOOP('',(#457));
#1062=EDGE_LOOP('',(#458));
#1063=EDGE_LOOP('',(#459,#460,#461,#462,#463,#464,#465,#466));
#1064=EDGE_LOOP('',(#467,#468,#469,#470));
#1065=EDGE_LOOP('',(#471,#472,#473,#474));
#1066=EDGE_LOOP('',(#475,#476,#477,#478));
#1067=EDGE_LOOP('',(#479,#480,#481,#482));
#1068=EDGE_LOOP('',(#483,#484,#485,#486));
#1069=EDGE_LOOP('',(#487,#488,#489,#490));
#1070=EDGE_LOOP('',(#491,#492,#493,#494));
#1071=EDGE_LOOP('',(#495,#496,#497,#498));
#1072=EDGE_LOOP('',(#499));
#1073=EDGE_LOOP('',(#500,#501,#502,#503,#504,#505,#506,#507));
#1074=EDGE_LOOP('',(#508,#509,#510,#511,#512,#513,#514,#515));
#1075=EDGE_LOOP('',(#516));
#1076=EDGE_LOOP('',(#517));
#1077=EDGE_LOOP('',(#518,#519,#520,#521));
#1078=EDGE_LOOP('',(#522,#523,#524,#525));
#1079=EDGE_LOOP('',(#526,#527,#528,#529));
#1080=EDGE_LOOP('',(#530,#531,#532,#533));
#1081=EDGE_LOOP('',(#534,#535,#536,#537));
#1082=EDGE_LOOP('',(#538,#539,#540,#541));
#1083=EDGE_LOOP('',(#542,#543,#544,#545));
#1084=EDGE_LOOP('',(#546,#547,#548,#549));
#1085=EDGE_LOOP('',(#550));
#1086=EDGE_LOOP('',(#551,#552,#553,#554,#555,#556,#557,#558));
#1087=EDGE_LOOP('',(#559));
#1088=EDGE_LOOP('',(#560));
#1089=EDGE_LOOP('',(#561));
#1090=EDGE_LOOP('',(#562));
#1091=EDGE_LOOP('',(#563));
#1092=EDGE_LOOP('',(#564));
#1093=EDGE_LOOP('',(#565));
#1094=EDGE_LOOP('',(#566));
#1095=EDGE_LOOP('',(#567));
#1096=EDGE_LOOP('',(#568));
#1097=EDGE_LOOP('',(#569));
#1098=EDGE_LOOP('',(#570,#571,#572,#573,#574,#575,#576,#577));
#1099=EDGE_LOOP('',(#578));
#1100=EDGE_LOOP('',(#579,#580,#581,#582));
#1101=EDGE_LOOP('',(#583,#584,#585,#586));
#1102=EDGE_LOOP('',(#587,#588,#589,#590));
#1103=EDGE_LOOP('',(#591,#592,#593,#594));
#1104=EDGE_LOOP('',(#595,#596,#597,#598));
#1105=EDGE_LOOP('',(#599,#600,#601,#602));
#1106=EDGE_LOOP('',(#603,#604,#605,#606));
#1107=EDGE_LOOP('',(#607,#608,#609,#610));
#1108=EDGE_LOOP('',(#611,#612,#613,#614,#615,#616,#617,#618));
#1109=EDGE_LOOP('',(#619));
#1110=EDGE_LOOP('',(#620));
#1111=EDGE_LOOP('',(#621));
#1112=EDGE_LOOP('',(#622));
#1113=EDGE_LOOP('',(#623));
#1114=EDGE_LOOP('',(#624));
#1115=EDGE_LOOP('',(#625));
#1116=EDGE_LOOP('',(#626));
#1117=EDGE_LOOP('',(#627));
#1118=EDGE_LOOP('',(#628));
#1119=EDGE_LOOP('',(#629));
#1120=FACE_BOUND('',#1010,.T.);
#1121=FACE_BOUND('',#1011,.T.);
#1122=FACE_BOUND('',#1012,.T.);
#1123=FACE_BOUND('',#1013,.T.);
#1124=FACE_BOUND('',#1014,.T.);
#1125=FACE_BOUND('',#1015,.T.);
#1126=FACE_BOUND('',#1016,.T.);
#1127=FACE_BOUND('',#1017,.T.);
#1128=FACE_BOUND('',#1018,.T.);
#1129=FACE_BOUND('',#1019,.T.);
#1130=FACE_BOUND('',#1020,.T.);
#1131=FACE_BOUND('',#1021,.T.);
#1132=FACE_BOUND('',#1022,.T.);
#1133=FACE_BOUND('',#1023,.T.);
#1134=FACE_BOUND('',#1024,.T.);
#1135=FACE_BOUND('',#1025,.T.);
#1136=FACE_BOUND('',#1026,.T.);
#1137=FACE_BOUND('',#1027,.T.);
#1138=FACE_BOUND('',#1028,.T.);
#1139=FACE_BOUND('',#1029,.T.);
#1140=FACE_BOUND('',#1030,.T.);
#1141=FACE_BOUND('',#1031,.T.);
#1142=FACE_BOUND('',#1032,.T.);
#1143=FACE_BOUND('',#1033,.T.);
#1144=FACE_BOUND('',#1034,.T.);
#1145=FACE_BOUND('',#1035,.T.);
#1146=FACE_BOUND('',#1036,.T.);
#1147=FACE_BOUND('',#1037,.T.);
#1148=FACE_BOUND('',#1038,.T.);
#1149=FACE_BOUND('',#1039,.T.);
#1150=FACE_BOUND('',#1040,.T.);
#1151=FACE_BOUND('',#1041,.T.);
#1152=FACE_BOUND('',#1042,.T.);
#1153=FACE_BOUND('',#1043,.T.);
#1154=FACE_BOUND('',#1044,.T.);
#1155=FACE_BOUND('',#1045,.T.);
#1156=FACE_BOUND('',#1046,.T.);
#1157=FACE_BOUND('',#1047,.T.);
#1158=FACE_BOUND('',#1048,.T.);
#1159=FACE_BOUND('',#1049,.T.);
#1160=FACE_BOUND('',#1050,.T.);
#1161=FACE_BOUND('',#1051,.T.);
#1162=FACE_BOUND('',#1052,.T.);
#1163=FACE_BOUND('',#1053,.T.);
#1164=FACE_BOUND('',#1054,.T.);
#1165=FACE_BOUND('',#1055,.T.);
#1166=FACE_BOUND('',#1056,.T.);
#1167=FACE_BOUND('',#1057,.T.);
#1168=FACE_BOUND('',#1058,.T.);
#1169=FACE_BOUND('',#1059,.T.);
#1170=FACE_BOUND('',#1060,.T.);
#1171=FACE_BOUND('',#1061,.T.);
#1172=FACE_BOUND('',#1062,.T.);
#1173=FACE_BOUND('',#1063,.T.);
#1174=FACE_BOUND('',#1064,.T.);
#1175=FACE_BOUND('',#1065,.T.);
#1176=FACE_BOUND('',#1066,.T.);
#1177=FACE_BOUND('',#1067,.T.);
#1178=FACE_BOUND('',#1068,.T.);
#1179=FACE_BOUND('',#1069,.T.);
#1180=FACE_BOUND('',#1070,.T.);
#1181=FACE_BOUND('',#1071,.T.);
#1182=FACE_BOUND('',#1072,.T.);
#1183=FACE_BOUND('',#1073,.T.);
#1184=FACE_BOUND('',#1074,.T.);
#1185=FACE_BOUND('',#1075,.T.);
#1186=FACE_BOUND('',#1076,.T.);
#1187=FACE_BOUND('',#1077,.T.);
#1188=FACE_BOUND('',#1078,.T.);
#1189=FACE_BOUND('',#1079,.T.);
#1190=FACE_BOUND('',#1080,.T.);
#1191=FACE_BOUND('',#1081,.T.);
#1192=FACE_BOUND('',#1082,.T.);
#1193=FACE_BOUND('',#1083,.T.);
#1194=FACE_BOUND('',#1084,.T.);
#1195=FACE_BOUND('',#1085,.T.);
#1196=FACE_BOUND('',#1086,.T.);
#1197=FACE_BOUND('',#1087,.T.);
#1198=FACE_BOUND('',#1088,.T.);
#1199=FACE_BOUND('',#1089,.T.);
#1200=FACE_BOUND('',#1090,.T.);
#1201=FACE_BOUND('',#1091,.T.);
#1202=FACE_BOUND('',#1092,.T.);
#1203=FACE_BOUND('',#1093,.T.);
#1204=FACE_BOUND('',#1094,.T.);
#1205=FACE_BOUND('',#1095,.T.);
#1206=FACE_BOUND('',#1096,.T.);
#1207=FACE_BOUND('',#1097,.T.);
#1208=FACE_BOUND('',#1098,.T.);
#1209=FACE_BOUND('',#1099,.T.);
#1210=FACE_BOUND('',#1100,.T.);
#1211=FACE_BOUND('',#1101,.T.);
#1212=FACE_BOUND('',#1102,.T.);
#1213=FACE_BOUND('',#1103,.T.);
#1214=FACE_BOUND('',#1104,.T.);
#1215=FACE_BOUND('',#1105,.T.);
#1216=FACE_BOUND('',#1106,.T.);
#1217=FACE_BOUND('',#1107,.T.);
#1218=FACE_BOUND('',#1108,.T.);
#1219=FACE_BOUND('',#1109,.T.);
#1220=FACE_BOUND('',#1110,.T.);
#1221=FACE_BOUND('',#1111,.T.);
#1222=FACE_BOUND('',#1112,.T.);
#1223=FACE_BOUND('',#1113,.T.);
#1224=FACE_BOUND('',#1114,.T.);
#1225=FACE_BOUND('',#1115,.T.);
#1226=FACE_BOUND('',#1116,.T.);
#1227=FACE_BOUND('',#1117,.T.);
#1228=FACE_BOUND('',#1118,.T.);
#1229=FACE_BOUND('',#1119,.T.);
#1230=PLANE('',#1411);
#1231=PLANE('',#1416);
#1232=PLANE('',#1417);
#1233=PLANE('',#1418);
#1234=PLANE('',#1419);
#1235=PLANE('',#1420);
#1236=PLANE('',#1421);
#1237=PLANE('',#1422);
#1238=PLANE('',#1423);
#1239=PLANE('',#1424);
#1240=PLANE('',#1427);
#1241=PLANE('',#1430);
#1242=PLANE('',#1433);
#1243=PLANE('',#1436);
#1244=PLANE('',#1437);
#1245=PLANE('',#1438);
#1246=PLANE('',#1439);
#1247=PLANE('',#1440);
#1248=PLANE('',#1441);
#1249=PLANE('',#1442);
#1250=PLANE('',#1443);
#1251=PLANE('',#1444);
#1252=PLANE('',#1445);
#1253=PLANE('',#1446);
#1254=PLANE('',#1447);
#1255=PLANE('',#1448);
#1256=PLANE('',#1449);
#1257=PLANE('',#1450);
#1258=PLANE('',#1452);
#1259=PLANE('',#1456);
#1260=PLANE('',#1460);
#1261=PLANE('',#1464);
#1262=PLANE('',#1468);
#1263=PLANE('',#1472);
#1264=PLANE('',#1474);
#1265=PLANE('',#1476);
#1266=PLANE('',#1477);
#1267=PLANE('',#1478);
#1268=PLANE('',#1481);
#1269=PLANE('',#1482);
#1270=PLANE('',#1483);
#1271=PLANE('',#1486);
#1272=PLANE('',#1490);
#1273=PLANE('',#1494);
#1274=PLANE('',#1496);
#1275=PLANE('',#1499);
#1276=PLANE('',#1504);
#1277=PLANE('',#1507);
#1278=PLANE('',#1510);
#1279=PLANE('',#1513);
#1280=PLANE('',#1516);
#1281=PLANE('',#1517);
#1282=PLANE('',#1520);
#1283=PLANE('',#1523);
#1284=ADVANCED_FACE('',(#1120,#1121),#1230,.T.);
#1285=ADVANCED_FACE('',(#1122),#1231,.T.);
#1286=ADVANCED_FACE('',(#1123),#1232,.T.);
#1287=ADVANCED_FACE('',(#1124),#1233,.T.);
#1288=ADVANCED_FACE('',(#1125),#35,.T.);
#1289=ADVANCED_FACE('',(#1126),#36,.T.);
#1290=ADVANCED_FACE('',(#1127),#37,.T.);
#1291=ADVANCED_FACE('',(#1128),#1234,.T.);
#1292=ADVANCED_FACE('',(#1129),#1235,.T.);
#1293=ADVANCED_FACE('',(#1130),#38,.T.);
#1294=ADVANCED_FACE('',(#1131),#1236,.T.);
#1295=ADVANCED_FACE('',(#1132),#1237,.T.);
#1296=ADVANCED_FACE('',(#1133),#1238,.T.);
#1297=ADVANCED_FACE('',(#1134),#1239,.T.);
#1298=ADVANCED_FACE('',(#1135),#16,.T.);
#1299=ADVANCED_FACE('',(#1136),#1240,.T.);
#1300=ADVANCED_FACE('',(#1137),#17,.T.);
#1301=ADVANCED_FACE('',(#1138),#1241,.F.);
#1302=ADVANCED_FACE('',(#1139),#18,.T.);
#1303=ADVANCED_FACE('',(#1140),#1242,.F.);
#1304=ADVANCED_FACE('',(#1141),#19,.T.);
#1305=ADVANCED_FACE('',(#1142),#1243,.F.);
#1306=ADVANCED_FACE('',(#1143),#39,.T.);
#1307=ADVANCED_FACE('',(#1144),#40,.F.);
#1308=ADVANCED_FACE('',(#1145),#1244,.T.);
#1309=ADVANCED_FACE('',(#1146),#41,.T.);
#1310=ADVANCED_FACE('',(#1147),#42,.F.);
#1311=ADVANCED_FACE('',(#1148),#1245,.T.);
#1312=ADVANCED_FACE('',(#1149),#43,.T.);
#1313=ADVANCED_FACE('',(#1150),#44,.T.);
#1314=ADVANCED_FACE('',(#1151),#1246,.T.);
#1315=ADVANCED_FACE('',(#1152),#45,.F.);
#1316=ADVANCED_FACE('',(#1153,#1154),#46,.F.);
#1317=ADVANCED_FACE('',(#1155),#1247,.T.);
#1318=ADVANCED_FACE('',(#1156),#1248,.F.);
#1319=ADVANCED_FACE('',(#1157),#1249,.F.);
#1320=ADVANCED_FACE('',(#1158,#1159),#47,.F.);
#1321=ADVANCED_FACE('',(#1160),#1250,.T.);
#1322=ADVANCED_FACE('',(#1161),#1251,.F.);
#1323=ADVANCED_FACE('',(#1162),#1252,.F.);
#1324=ADVANCED_FACE('',(#1163),#1253,.F.);
#1325=ADVANCED_FACE('',(#1164,#1165),#48,.F.);
#1326=ADVANCED_FACE('',(#1166),#1254,.T.);
#1327=ADVANCED_FACE('',(#1167),#1255,.F.);
#1328=ADVANCED_FACE('',(#1168),#1256,.F.);
#1329=ADVANCED_FACE('',(#1169,#1170),#49,.F.);
#1330=ADVANCED_FACE('',(#1171),#1257,.T.);
#1331=ADVANCED_FACE('',(#1172,#1173),#1258,.T.);
#1332=ADVANCED_FACE('',(#1174),#1259,.T.);
#1333=ADVANCED_FACE('',(#1175),#20,.T.);
#1334=ADVANCED_FACE('',(#1176),#1260,.T.);
#1335=ADVANCED_FACE('',(#1177),#21,.T.);
#1336=ADVANCED_FACE('',(#1178),#1261,.F.);
#1337=ADVANCED_FACE('',(#1179),#22,.T.);
#1338=ADVANCED_FACE('',(#1180),#1262,.F.);
#1339=ADVANCED_FACE('',(#1181),#23,.T.);
#1340=ADVANCED_FACE('',(#1182,#1183),#1263,.T.);
#1341=ADVANCED_FACE('',(#1184),#1264,.F.);
#1342=ADVANCED_FACE('',(#1185,#1186),#24,.F.);
#1343=ADVANCED_FACE('',(#1187),#1265,.T.);
#1344=ADVANCED_FACE('',(#1188),#1266,.F.);
#1345=ADVANCED_FACE('',(#1189),#1267,.F.);
#1346=ADVANCED_FACE('',(#1190),#25,.F.);
#1347=ADVANCED_FACE('',(#1191),#1268,.F.);
#1348=ADVANCED_FACE('',(#1192),#1269,.T.);
#1349=ADVANCED_FACE('',(#1193),#1270,.T.);
#1350=ADVANCED_FACE('',(#1194),#26,.F.);
#1351=ADVANCED_FACE('',(#1195,#1196),#1271,.T.);
#1352=ADVANCED_FACE('',(#1197,#1198),#27,.T.);
#1353=ADVANCED_FACE('',(#1199,#1200),#1272,.T.);
#1354=ADVANCED_FACE('',(#1201,#1202),#28,.F.);
#1355=ADVANCED_FACE('',(#1203),#1273,.T.);
#1356=ADVANCED_FACE('',(#1204,#1205,#1206,#1207),#1274,.T.);
#1357=ADVANCED_FACE('',(#1208,#1209),#1275,.T.);
#1358=ADVANCED_FACE('',(#1210),#1276,.T.);
#1359=ADVANCED_FACE('',(#1211),#29,.T.);
#1360=ADVANCED_FACE('',(#1212),#1277,.T.);
#1361=ADVANCED_FACE('',(#1213),#30,.T.);
#1362=ADVANCED_FACE('',(#1214),#1278,.F.);
#1363=ADVANCED_FACE('',(#1215),#31,.T.);
#1364=ADVANCED_FACE('',(#1216),#1279,.F.);
#1365=ADVANCED_FACE('',(#1217),#32,.T.);
#1366=ADVANCED_FACE('',(#1218),#1280,.F.);
#1367=ADVANCED_FACE('',(#1219,#1220),#50,.T.);
#1368=ADVANCED_FACE('',(#1221,#1222),#51,.T.);
#1369=ADVANCED_FACE('',(#1223),#1281,.T.);
#1370=ADVANCED_FACE('',(#1224,#1225),#33,.F.);
#1371=ADVANCED_FACE('',(#1226),#1282,.T.);
#1372=ADVANCED_FACE('',(#1227,#1228),#34,.F.);
#1373=ADVANCED_FACE('',(#1229),#1283,.T.);
#1374=CLOSED_SHELL('',(#1284,#1285,#1286,#1287,#1288,#1289,#1290,#1291,
#1292,#1293,#1294,#1295,#1296,#1297,#1298,#1299,#1300,#1301,#1302,#1303,
#1304,#1305,#1306,#1307,#1308,#1309,#1310,#1311,#1312,#1313,#1314,#1315,
#1316,#1317,#1318,#1319,#1320,#1321,#1322,#1323,#1324,#1325,#1326,#1327,
#1328,#1329,#1330));
#1375=CLOSED_SHELL('',(#1331,#1332,#1333,#1334,#1335,#1336,#1337,#1338,
#1339,#1340,#1341,#1342,#1343,#1344,#1345,#1346,#1347,#1348,#1349,#1350,
#1351,#1352,#1353,#1354,#1355));
#1376=CLOSED_SHELL('',(#1356,#1357,#1358,#1359,#1360,#1361,#1362,#1363,
#1364,#1365,#1366,#1367,#1368,#1369,#1370,#1371,#1372,#1373));
#1377=STYLED_ITEM('',(#1380),#1401);
#1378=STYLED_ITEM('',(#1381),#1402);
#1379=STYLED_ITEM('',(#1382),#1403);
#1380=PRESENTATION_STYLE_ASSIGNMENT((#1383));
#1381=PRESENTATION_STYLE_ASSIGNMENT((#1384));
#1382=PRESENTATION_STYLE_ASSIGNMENT((#1385));
#1383=SURFACE_STYLE_USAGE(.BOTH.,#1386);
#1384=SURFACE_STYLE_USAGE(.BOTH.,#1387);
#1385=SURFACE_STYLE_USAGE(.BOTH.,#1388);
#1386=SURFACE_SIDE_STYLE('',(#1389));
#1387=SURFACE_SIDE_STYLE('',(#1390));
#1388=SURFACE_SIDE_STYLE('',(#1391));
#1389=SURFACE_STYLE_FILL_AREA(#1392);
#1390=SURFACE_STYLE_FILL_AREA(#1393);
#1391=SURFACE_STYLE_FILL_AREA(#1394);
#1392=FILL_AREA_STYLE('',(#1395));
#1393=FILL_AREA_STYLE('',(#1396));
#1394=FILL_AREA_STYLE('',(#1397));
#1395=FILL_AREA_STYLE_COLOUR('',#1398);
#1396=FILL_AREA_STYLE_COLOUR('',#1399);
#1397=FILL_AREA_STYLE_COLOUR('',#1400);
#1398=COLOUR_RGB('',0.615686274509804,0.811764705882353,0.929411764705882);
#1399=COLOUR_RGB('',0.647058823529412,0.647058823529412,0.647058823529412);
#1400=COLOUR_RGB('',0.231372549019608,0.380392156862745,0.705882352941177);
#1401=MANIFOLD_SOLID_BREP('Part 1',#1374);
#1402=MANIFOLD_SOLID_BREP('Part 2',#1375);
#1403=MANIFOLD_SOLID_BREP('Part 3',#1376);
#1404=SHAPE_DEFINITION_REPRESENTATION(#3889,#1407);
#1405=SHAPE_DEFINITION_REPRESENTATION(#3890,#1408);
#1406=SHAPE_DEFINITION_REPRESENTATION(#3891,#1409);
#1407=SHAPE_REPRESENTATION('Part 1',(#1410),#3874);
#1408=SHAPE_REPRESENTATION('Part 2',(#1451),#3875);
#1409=SHAPE_REPRESENTATION('Part 3',(#1495),#3876);
#1410=AXIS2_PLACEMENT_3D('',#1834,#1524,#1525);
#1411=AXIS2_PLACEMENT_3D('',#1835,#1526,#1527);
#1412=AXIS2_PLACEMENT_3D('',#2062,#1529,#1530);
#1413=AXIS2_PLACEMENT_3D('',#2066,#1532,#1533);
#1414=AXIS2_PLACEMENT_3D('',#2070,#1535,#1536);
#1415=AXIS2_PLACEMENT_3D('',#2074,#1538,#1539);
#1416=AXIS2_PLACEMENT_3D('',#2075,#1540,#1541);
#1417=AXIS2_PLACEMENT_3D('',#2120,#1542,#1543);
#1418=AXIS2_PLACEMENT_3D('',#2155,#1544,#1545);
#1419=AXIS2_PLACEMENT_3D('',#2523,#1552,#1553);
#1420=AXIS2_PLACEMENT_3D('',#2555,#1554,#1555);
#1421=AXIS2_PLACEMENT_3D('',#2621,#1558,#1559);
#1422=AXIS2_PLACEMENT_3D('',#2649,#1560,#1561);
#1423=AXIS2_PLACEMENT_3D('',#2662,#1562,#1563);
#1424=AXIS2_PLACEMENT_3D('',#2671,#1564,#1565);
#1425=AXIS2_PLACEMENT_3D('',#2677,#1569,#1570);
#1426=AXIS2_PLACEMENT_3D('',#2678,#1571,#1572);
#1427=AXIS2_PLACEMENT_3D('',#2681,#1574,#1575);
#1428=AXIS2_PLACEMENT_3D('',#2685,#1578,#1579);
#1429=AXIS2_PLACEMENT_3D('',#2686,#1580,#1581);
#1430=AXIS2_PLACEMENT_3D('',#2689,#1583,#1584);
#1431=AXIS2_PLACEMENT_3D('',#2693,#1587,#1588);
#1432=AXIS2_PLACEMENT_3D('',#2694,#1589,#1590);
#1433=AXIS2_PLACEMENT_3D('',#2697,#1592,#1593);
#1434=AXIS2_PLACEMENT_3D('',#2701,#1596,#1597);
#1435=AXIS2_PLACEMENT_3D('',#2702,#1598,#1599);
#1436=AXIS2_PLACEMENT_3D('',#2703,#1600,#1601);
#1437=AXIS2_PLACEMENT_3D('',#2804,#1604,#1605);
#1438=AXIS2_PLACEMENT_3D('',#2939,#1608,#1609);
#1439=AXIS2_PLACEMENT_3D('',#3029,#1612,#1613);
#1440=AXIS2_PLACEMENT_3D('',#3132,#1614,#1615);
#1441=AXIS2_PLACEMENT_3D('',#3133,#1616,#1617);
#1442=AXIS2_PLACEMENT_3D('',#3147,#1618,#1619);
#1443=AXIS2_PLACEMENT_3D('',#3201,#1620,#1621);
#1444=AXIS2_PLACEMENT_3D('',#3202,#1622,#1623);
#1445=AXIS2_PLACEMENT_3D('',#3227,#1624,#1625);
#1446=AXIS2_PLACEMENT_3D('',#3252,#1626,#1627);
#1447=AXIS2_PLACEMENT_3D('',#3350,#1628,#1629);
#1448=AXIS2_PLACEMENT_3D('',#3351,#1630,#1631);
#1449=AXIS2_PLACEMENT_3D('',#3369,#1632,#1633);
#1450=AXIS2_PLACEMENT_3D('',#3439,#1634,#1635);
#1451=AXIS2_PLACEMENT_3D('',#3440,#1636,#1637);
#1452=AXIS2_PLACEMENT_3D('',#3441,#1638,#1639);
#1453=AXIS2_PLACEMENT_3D('',#3442,#1640,#1641);
#1454=AXIS2_PLACEMENT_3D('',#3449,#1644,#1645);
#1455=AXIS2_PLACEMENT_3D('',#3457,#1649,#1650);
#1456=AXIS2_PLACEMENT_3D('',#3460,#1652,#1653);
#1457=AXIS2_PLACEMENT_3D('',#3469,#1658,#1659);
#1458=AXIS2_PLACEMENT_3D('',#3470,#1660,#1661);
#1459=AXIS2_PLACEMENT_3D('',#3474,#1663,#1664);
#1460=AXIS2_PLACEMENT_3D('',#3475,#1665,#1666);
#1461=AXIS2_PLACEMENT_3D('',#3481,#1670,#1671);
#1462=AXIS2_PLACEMENT_3D('',#3482,#1672,#1673);
#1463=AXIS2_PLACEMENT_3D('',#3486,#1675,#1676);
#1464=AXIS2_PLACEMENT_3D('',#3487,#1677,#1678);
#1465=AXIS2_PLACEMENT_3D('',#3493,#1682,#1683);
#1466=AXIS2_PLACEMENT_3D('',#3494,#1684,#1685);
#1467=AXIS2_PLACEMENT_3D('',#3498,#1687,#1688);
#1468=AXIS2_PLACEMENT_3D('',#3499,#1689,#1690);
#1469=AXIS2_PLACEMENT_3D('',#3505,#1694,#1695);
#1470=AXIS2_PLACEMENT_3D('',#3506,#1696,#1697);
#1471=AXIS2_PLACEMENT_3D('',#3507,#1698,#1699);
#1472=AXIS2_PLACEMENT_3D('',#3508,#1700,#1701);
#1473=AXIS2_PLACEMENT_3D('',#3509,#1702,#1703);
#1474=AXIS2_PLACEMENT_3D('',#3511,#1704,#1705);
#1475=AXIS2_PLACEMENT_3D('',#3512,#1706,#1707);
#1476=AXIS2_PLACEMENT_3D('',#3513,#1708,#1709);
#1477=AXIS2_PLACEMENT_3D('',#3519,#1713,#1714);
#1478=AXIS2_PLACEMENT_3D('',#3523,#1717,#1718);
#1479=AXIS2_PLACEMENT_3D('',#3527,#1721,#1722);
#1480=AXIS2_PLACEMENT_3D('',#3530,#1724,#1725);
#1481=AXIS2_PLACEMENT_3D('',#3531,#1726,#1727);
#1482=AXIS2_PLACEMENT_3D('',#3535,#1730,#1731);
#1483=AXIS2_PLACEMENT_3D('',#3539,#1734,#1735);
#1484=AXIS2_PLACEMENT_3D('',#3543,#1738,#1739);
#1485=AXIS2_PLACEMENT_3D('',#3544,#1740,#1741);
#1486=AXIS2_PLACEMENT_3D('',#3545,#1742,#1743);
#1487=AXIS2_PLACEMENT_3D('',#3546,#1744,#1745);
#1488=AXIS2_PLACEMENT_3D('',#3548,#1746,#1747);
#1489=AXIS2_PLACEMENT_3D('',#3549,#1748,#1749);
#1490=AXIS2_PLACEMENT_3D('',#3551,#1750,#1751);
#1491=AXIS2_PLACEMENT_3D('',#3552,#1752,#1753);
#1492=AXIS2_PLACEMENT_3D('',#3554,#1754,#1755);
#1493=AXIS2_PLACEMENT_3D('',#3555,#1756,#1757);
#1494=AXIS2_PLACEMENT_3D('',#3557,#1758,#1759);
#1495=AXIS2_PLACEMENT_3D('',#3558,#1760,#1761);
#1496=AXIS2_PLACEMENT_3D('',#3559,#1762,#1763);
#1497=AXIS2_PLACEMENT_3D('',#3560,#1764,#1765);
#1498=AXIS2_PLACEMENT_3D('',#3562,#1766,#1767);
#1499=AXIS2_PLACEMENT_3D('',#3627,#1768,#1769);
#1500=AXIS2_PLACEMENT_3D('',#3631,#1771,#1772);
#1501=AXIS2_PLACEMENT_3D('',#3635,#1774,#1775);
#1502=AXIS2_PLACEMENT_3D('',#3639,#1777,#1778);
#1503=AXIS2_PLACEMENT_3D('',#3643,#1780,#1781);
#1504=AXIS2_PLACEMENT_3D('',#3676,#1782,#1783);
#1505=AXIS2_PLACEMENT_3D('',#3682,#1787,#1788);
#1506=AXIS2_PLACEMENT_3D('',#3683,#1789,#1790);
#1507=AXIS2_PLACEMENT_3D('',#3686,#1792,#1793);
#1508=AXIS2_PLACEMENT_3D('',#3690,#1796,#1797);
#1509=AXIS2_PLACEMENT_3D('',#3691,#1798,#1799);
#1510=AXIS2_PLACEMENT_3D('',#3694,#1801,#1802);
#1511=AXIS2_PLACEMENT_3D('',#3698,#1805,#1806);
#1512=AXIS2_PLACEMENT_3D('',#3699,#1807,#1808);
#1513=AXIS2_PLACEMENT_3D('',#3702,#1810,#1811);
#1514=AXIS2_PLACEMENT_3D('',#3706,#1814,#1815);
#1515=AXIS2_PLACEMENT_3D('',#3707,#1816,#1817);
#1516=AXIS2_PLACEMENT_3D('',#3708,#1818,#1819);
#1517=AXIS2_PLACEMENT_3D('',#3862,#1820,#1821);
#1518=AXIS2_PLACEMENT_3D('',#3863,#1822,#1823);
#1519=AXIS2_PLACEMENT_3D('',#3864,#1824,#1825);
#1520=AXIS2_PLACEMENT_3D('',#3866,#1826,#1827);
#1521=AXIS2_PLACEMENT_3D('',#3867,#1828,#1829);
#1522=AXIS2_PLACEMENT_3D('',#3868,#1830,#1831);
#1523=AXIS2_PLACEMENT_3D('',#3870,#1832,#1833);
#1524=DIRECTION('',(0.,0.,1.));
#1525=DIRECTION('',(1.,0.,0.));
#1526=DIRECTION('',(0.,0.,1.));
#1527=DIRECTION('',(1.,0.,0.));
#1528=DIRECTION('',(0.,-1.,0.));
#1529=DIRECTION('',(0.,0.,1.));
#1530=DIRECTION('',(1.,0.,0.));
#1531=DIRECTION('',(1.,0.,0.));
#1532=DIRECTION('',(0.,0.,1.));
#1533=DIRECTION('',(1.,0.,0.));
#1534=DIRECTION('',(0.,-1.,0.));
#1535=DIRECTION('',(0.,0.,1.));
#1536=DIRECTION('',(1.,0.,0.));
#1537=DIRECTION('',(1.,0.,0.));
#1538=DIRECTION('',(0.,0.,1.));
#1539=DIRECTION('',(1.,0.,0.));
#1540=DIRECTION('',(0.,0.,1.));
#1541=DIRECTION('',(1.,0.,0.));
#1542=DIRECTION('',(0.,0.,1.));
#1543=DIRECTION('',(1.,0.,0.));
#1544=DIRECTION('',(0.,0.,1.));
#1545=DIRECTION('',(1.,0.,0.));
#1546=DIRECTION('',(0.,0.,1.));
#1547=DIRECTION('',(0.,0.,-1.));
#1548=DIRECTION('',(0.,0.,1.));
#1549=DIRECTION('',(0.,0.,1.));
#1550=DIRECTION('',(0.,0.,1.));
#1551=DIRECTION('',(0.,0.,1.));
#1552=DIRECTION('',(0.,0.,1.));
#1553=DIRECTION('',(1.,0.,0.));
#1554=DIRECTION('',(0.,0.,1.));
#1555=DIRECTION('',(1.,0.,0.));
#1556=DIRECTION('',(0.,0.,-1.));
#1557=DIRECTION('',(0.,0.,-1.));
#1558=DIRECTION('',(0.,0.,1.));
#1559=DIRECTION('',(1.,0.,0.));
#1560=DIRECTION('',(0.,0.,1.));
#1561=DIRECTION('',(1.,0.,0.));
#1562=DIRECTION('',(0.,0.,1.));
#1563=DIRECTION('',(1.,0.,0.));
#1564=DIRECTION('',(1.,0.,0.));
#1565=DIRECTION('',(0.,0.,-1.));
#1566=DIRECTION('',(0.,-1.,0.));
#1567=DIRECTION('',(0.,0.,-1.));
#1568=DIRECTION('',(0.,0.,-1.));
#1569=DIRECTION('',(0.,0.,-1.));
#1570=DIRECTION('',(-1.,0.,0.));
#1571=DIRECTION('',(0.,0.,1.));
#1572=DIRECTION('',(1.,0.,0.));
#1573=DIRECTION('',(0.,0.,-1.));
#1574=DIRECTION('',(0.,1.,0.));
#1575=DIRECTION('',(0.,0.,1.));
#1576=DIRECTION('',(1.,0.,0.));
#1577=DIRECTION('',(0.,0.,-1.));
#1578=DIRECTION('',(0.,0.,-1.));
#1579=DIRECTION('',(-1.,0.,0.));
#1580=DIRECTION('',(0.,0.,1.));
#1581=DIRECTION('',(1.,0.,0.));
#1582=DIRECTION('',(0.,0.,-1.));
#1583=DIRECTION('',(1.,0.,0.));
#1584=DIRECTION('',(0.,0.,-1.));
#1585=DIRECTION('',(0.,-1.,0.));
#1586=DIRECTION('',(0.,0.,-1.));
#1587=DIRECTION('',(0.,0.,-1.));
#1588=DIRECTION('',(-1.,0.,0.));
#1589=DIRECTION('',(0.,0.,1.));
#1590=DIRECTION('',(1.,0.,0.));
#1591=DIRECTION('',(0.,0.,-1.));
#1592=DIRECTION('',(0.,1.,0.));
#1593=DIRECTION('',(0.,0.,1.));
#1594=DIRECTION('',(1.,0.,0.));
#1595=DIRECTION('',(0.,0.,-1.));
#1596=DIRECTION('',(0.,0.,-1.));
#1597=DIRECTION('',(-1.,0.,0.));
#1598=DIRECTION('',(0.,0.,1.));
#1599=DIRECTION('',(1.,0.,0.));
#1600=DIRECTION('',(0.,0.,1.));
#1601=DIRECTION('',(1.,0.,0.));
#1602=DIRECTION('',(0.,0.,-1.));
#1603=DIRECTION('',(0.,0.,1.));
#1604=DIRECTION('',(0.,0.,1.));
#1605=DIRECTION('',(1.,0.,0.));
#1606=DIRECTION('',(0.,0.,-1.));
#1607=DIRECTION('',(0.,0.,-1.));
#1608=DIRECTION('',(0.,0.,1.));
#1609=DIRECTION('',(1.,0.,0.));
#1610=DIRECTION('',(0.,0.,-1.));
#1611=DIRECTION('',(0.,0.,-1.));
#1612=DIRECTION('',(0.,0.,1.));
#1613=DIRECTION('',(1.,0.,0.));
#1614=DIRECTION('',(0.,0.,1.));
#1615=DIRECTION('',(1.,0.,0.));
#1616=DIRECTION('',(0.,0.,1.));
#1617=DIRECTION('',(1.,0.,0.));
#1618=DIRECTION('',(0.,0.,1.));
#1619=DIRECTION('',(1.,0.,0.));
#1620=DIRECTION('',(0.,0.,1.));
#1621=DIRECTION('',(1.,0.,0.));
#1622=DIRECTION('',(0.,0.,1.));
#1623=DIRECTION('',(1.,0.,0.));
#1624=DIRECTION('',(0.,0.,1.));
#1625=DIRECTION('',(1.,0.,0.));
#1626=DIRECTION('',(0.,0.,1.));
#1627=DIRECTION('',(1.,0.,0.));
#1628=DIRECTION('',(0.,0.,1.));
#1629=DIRECTION('',(1.,0.,0.));
#1630=DIRECTION('',(0.,0.,1.));
#1631=DIRECTION('',(1.,0.,0.));
#1632=DIRECTION('',(0.,0.,1.));
#1633=DIRECTION('',(1.,0.,0.));
#1634=DIRECTION('',(0.,0.,1.));
#1635=DIRECTION('',(1.,0.,0.));
#1636=DIRECTION('',(0.,0.,1.));
#1637=DIRECTION('',(1.,0.,0.));
#1638=DIRECTION('',(0.,0.,1.));
#1639=DIRECTION('',(1.,0.,0.));
#1640=DIRECTION('',(0.,0.,1.));
#1641=DIRECTION('',(1.,0.,0.));
#1642=DIRECTION('',(0.,-1.,0.));
#1643=DIRECTION('',(1.,0.,0.));
#1644=DIRECTION('',(0.,0.,1.));
#1645=DIRECTION('',(1.,0.,0.));
#1646=DIRECTION('',(1.,0.,0.));
#1647=DIRECTION('',(0.,-1.,0.));
#1648=DIRECTION('',(1.,0.,0.));
#1649=DIRECTION('',(0.,0.,1.));
#1650=DIRECTION('',(1.,0.,0.));
#1651=DIRECTION('',(1.,0.,0.));
#1652=DIRECTION('',(1.,0.,0.));
#1653=DIRECTION('',(0.,0.,-1.));
#1654=DIRECTION('',(0.,-1.,0.));
#1655=DIRECTION('',(0.,0.,-1.));
#1656=DIRECTION('',(0.,-1.,0.));
#1657=DIRECTION('',(0.,0.,-1.));
#1658=DIRECTION('',(0.,0.,-1.));
#1659=DIRECTION('',(-1.,0.,0.));
#1660=DIRECTION('',(0.,0.,1.));
#1661=DIRECTION('',(1.,0.,0.));
#1662=DIRECTION('',(0.,0.,-1.));
#1663=DIRECTION('',(0.,0.,1.));
#1664=DIRECTION('',(1.,0.,0.));
#1665=DIRECTION('',(0.,1.,0.));
#1666=DIRECTION('',(0.,0.,1.));
#1667=DIRECTION('',(1.,0.,0.));
#1668=DIRECTION('',(0.,0.,-1.));
#1669=DIRECTION('',(1.,0.,0.));
#1670=DIRECTION('',(0.,0.,-1.));
#1671=DIRECTION('',(-1.,0.,0.));
#1672=DIRECTION('',(0.,0.,1.));
#1673=DIRECTION('',(1.,0.,0.));
#1674=DIRECTION('',(0.,0.,-1.));
#1675=DIRECTION('',(0.,0.,1.));
#1676=DIRECTION('',(1.,0.,0.));
#1677=DIRECTION('',(1.,0.,0.));
#1678=DIRECTION('',(0.,0.,-1.));
#1679=DIRECTION('',(0.,-1.,0.));
#1680=DIRECTION('',(0.,0.,-1.));
#1681=DIRECTION('',(0.,-1.,0.));
#1682=DIRECTION('',(0.,0.,-1.));
#1683=DIRECTION('',(-1.,0.,0.));
#1684=DIRECTION('',(0.,0.,1.));
#1685=DIRECTION('',(1.,0.,0.));
#1686=DIRECTION('',(0.,0.,-1.));
#1687=DIRECTION('',(0.,0.,1.));
#1688=DIRECTION('',(1.,0.,0.));
#1689=DIRECTION('',(0.,1.,0.));
#1690=DIRECTION('',(0.,0.,1.));
#1691=DIRECTION('',(1.,0.,0.));
#1692=DIRECTION('',(0.,0.,-1.));
#1693=DIRECTION('',(1.,0.,0.));
#1694=DIRECTION('',(0.,0.,-1.));
#1695=DIRECTION('',(-1.,0.,0.));
#1696=DIRECTION('',(0.,0.,1.));
#1697=DIRECTION('',(1.,0.,0.));
#1698=DIRECTION('',(0.,0.,1.));
#1699=DIRECTION('',(1.,0.,0.));
#1700=DIRECTION('',(0.,0.,1.));
#1701=DIRECTION('',(1.,0.,0.));
#1702=DIRECTION('',(0.,0.,1.));
#1703=DIRECTION('',(1.,0.,0.));
#1704=DIRECTION('',(0.,0.,1.));
#1705=DIRECTION('',(1.,0.,0.));
#1706=DIRECTION('',(0.,0.,1.));
#1707=DIRECTION('',(1.,0.,0.));
#1708=DIRECTION('',(0.,-1.,0.));
#1709=DIRECTION('',(0.,0.,-1.));
#1710=DIRECTION('',(0.,0.,1.));
#1711=DIRECTION('',(1.,0.,0.));
#1712=DIRECTION('',(0.,0.,1.));
#1713=DIRECTION('',(-1.,0.,0.));
#1714=DIRECTION('',(0.,0.,1.));
#1715=DIRECTION('',(0.,0.,1.));
#1716=DIRECTION('',(0.,-1.,0.));
#1717=DIRECTION('',(0.,-1.,0.));
#1718=DIRECTION('',(0.,0.,-1.));
#1719=DIRECTION('',(0.,0.,1.));
#1720=DIRECTION('',(1.,0.,0.));
#1721=DIRECTION('',(0.,0.,1.));
#1722=DIRECTION('',(1.,0.,0.));
#1723=DIRECTION('',(0.,0.,1.));
#1724=DIRECTION('',(0.,0.,1.));
#1725=DIRECTION('',(1.,0.,0.));
#1726=DIRECTION('',(0.,-1.,0.));
#1727=DIRECTION('',(0.,0.,-1.));
#1728=DIRECTION('',(0.,0.,1.));
#1729=DIRECTION('',(1.,0.,0.));
#1730=DIRECTION('',(-1.,0.,0.));
#1731=DIRECTION('',(0.,0.,1.));
#1732=DIRECTION('',(0.,0.,1.));
#1733=DIRECTION('',(0.,-1.,0.));
#1734=DIRECTION('',(0.,-1.,0.));
#1735=DIRECTION('',(0.,0.,-1.));
#1736=DIRECTION('',(0.,0.,1.));
#1737=DIRECTION('',(1.,0.,0.));
#1738=DIRECTION('',(0.,0.,1.));
#1739=DIRECTION('',(1.,0.,0.));
#1740=DIRECTION('',(0.,0.,1.));
#1741=DIRECTION('',(1.,0.,0.));
#1742=DIRECTION('',(0.,0.,1.));
#1743=DIRECTION('',(1.,0.,0.));
#1744=DIRECTION('',(0.,0.,1.));
#1745=DIRECTION('',(1.,0.,0.));
#1746=DIRECTION('',(0.,0.,1.));
#1747=DIRECTION('',(1.,0.,0.));
#1748=DIRECTION('',(0.,0.,1.));
#1749=DIRECTION('',(1.,0.,0.));
#1750=DIRECTION('',(0.,0.,1.));
#1751=DIRECTION('',(1.,0.,0.));
#1752=DIRECTION('',(0.,0.,1.));
#1753=DIRECTION('',(1.,0.,0.));
#1754=DIRECTION('',(0.,0.,1.));
#1755=DIRECTION('',(1.,0.,0.));
#1756=DIRECTION('',(0.,0.,1.));
#1757=DIRECTION('',(1.,0.,0.));
#1758=DIRECTION('',(0.,0.,1.));
#1759=DIRECTION('',(1.,0.,0.));
#1760=DIRECTION('',(0.,0.,1.));
#1761=DIRECTION('',(1.,0.,0.));
#1762=DIRECTION('',(0.,0.,1.));
#1763=DIRECTION('',(1.,0.,0.));
#1764=DIRECTION('',(0.,0.,1.));
#1765=DIRECTION('',(1.,0.,0.));
#1766=DIRECTION('',(0.,0.,1.));
#1767=DIRECTION('',(1.,0.,0.));
#1768=DIRECTION('',(0.,0.,1.));
#1769=DIRECTION('',(1.,0.,0.));
#1770=DIRECTION('',(0.,-1.,0.));
#1771=DIRECTION('',(0.,0.,1.));
#1772=DIRECTION('',(1.,0.,0.));
#1773=DIRECTION('',(1.,0.,0.));
#1774=DIRECTION('',(0.,0.,1.));
#1775=DIRECTION('',(1.,0.,0.));
#1776=DIRECTION('',(0.,-1.,0.));
#1777=DIRECTION('',(0.,0.,1.));
#1778=DIRECTION('',(1.,0.,0.));
#1779=DIRECTION('',(1.,0.,0.));
#1780=DIRECTION('',(0.,0.,1.));
#1781=DIRECTION('',(1.,0.,0.));
#1782=DIRECTION('',(1.,0.,0.));
#1783=DIRECTION('',(0.,0.,-1.));
#1784=DIRECTION('',(0.,-1.,0.));
#1785=DIRECTION('',(0.,0.,-1.));
#1786=DIRECTION('',(0.,0.,-1.));
#1787=DIRECTION('',(0.,0.,-1.));
#1788=DIRECTION('',(-1.,0.,0.));
#1789=DIRECTION('',(0.,0.,1.));
#1790=DIRECTION('',(1.,0.,0.));
#1791=DIRECTION('',(0.,0.,-1.));
#1792=DIRECTION('',(0.,1.,0.));
#1793=DIRECTION('',(0.,0.,1.));
#1794=DIRECTION('',(1.,0.,0.));
#1795=DIRECTION('',(0.,0.,-1.));
#1796=DIRECTION('',(0.,0.,-1.));
#1797=DIRECTION('',(-1.,0.,0.));
#1798=DIRECTION('',(0.,0.,1.));
#1799=DIRECTION('',(1.,0.,0.));
#1800=DIRECTION('',(0.,0.,-1.));
#1801=DIRECTION('',(1.,0.,0.));
#1802=DIRECTION('',(0.,0.,-1.));
#1803=DIRECTION('',(0.,-1.,0.));
#1804=DIRECTION('',(0.,0.,-1.));
#1805=DIRECTION('',(0.,0.,-1.));
#1806=DIRECTION('',(-1.,0.,0.));
#1807=DIRECTION('',(0.,0.,1.));
#1808=DIRECTION('',(1.,0.,0.));
#1809=DIRECTION('',(0.,0.,-1.));
#1810=DIRECTION('',(0.,1.,0.));
#1811=DIRECTION('',(0.,0.,1.));
#1812=DIRECTION('',(1.,0.,0.));
#1813=DIRECTION('',(0.,0.,-1.));
#1814=DIRECTION('',(0.,0.,-1.));
#1815=DIRECTION('',(-1.,0.,0.));
#1816=DIRECTION('',(0.,0.,1.));
#1817=DIRECTION('',(1.,0.,0.));
#1818=DIRECTION('',(0.,0.,1.));
#1819=DIRECTION('',(1.,0.,0.));
#1820=DIRECTION('',(0.,0.,1.));
#1821=DIRECTION('',(1.,0.,0.));
#1822=DIRECTION('',(0.,0.,1.));
#1823=DIRECTION('',(1.,0.,0.));
#1824=DIRECTION('',(0.,0.,1.));
#1825=DIRECTION('',(1.,0.,0.));
#1826=DIRECTION('',(0.,0.,1.));
#1827=DIRECTION('',(1.,0.,0.));
#1828=DIRECTION('',(0.,0.,1.));
#1829=DIRECTION('',(1.,0.,0.));
#1830=DIRECTION('',(0.,0.,1.));
#1831=DIRECTION('',(1.,0.,0.));
#1832=DIRECTION('',(0.,0.,1.));
#1833=DIRECTION('',(1.,0.,0.));
#1834=CARTESIAN_POINT('',(0.,0.,0.));
#1835=CARTESIAN_POINT('',(-0.00780181966423988,-0.00459555156826972,0.00508));
#1836=CARTESIAN_POINT('',(-0.0344713630564727,-0.00837265194201322,0.00508));
#1837=CARTESIAN_POINT('',(-0.037187952942123,-0.00917808136079805,0.00508));
#1838=CARTESIAN_POINT('',(-0.047930377031489,-0.0150407553347648,0.00508));
#1839=CARTESIAN_POINT('',(-0.0487684323851581,-0.014195818944681,0.00508));
#1840=CARTESIAN_POINT('',(-0.05159832556276,-0.0137545309300151,0.00508));
#1841=CARTESIAN_POINT('',(-0.0488929755745144,-0.016112002981998,0.00508));
#1842=CARTESIAN_POINT('',(-0.0509633261651892,-0.0158303006378009,0.00508));
#1843=CARTESIAN_POINT('',(-0.0524119443688054,-0.0161288077677891,0.00508));
#1844=CARTESIAN_POINT('',(-0.0508429369483427,-0.017361963824486,0.00508));
#1845=CARTESIAN_POINT('',(-0.0502875651399864,-0.0174986404167982,0.00508));
#1846=CARTESIAN_POINT('',(-0.0518145542211881,-0.0185846691181989,0.00508));
#1847=CARTESIAN_POINT('',(-0.0516768191263568,-0.0194518533815181,0.00508));
#1848=CARTESIAN_POINT('',(-0.0503595333594474,-0.0192112306277892,0.00508));
#1849=CARTESIAN_POINT('',(-0.0485762955436461,-0.0186079499099674,0.00508));
#1850=CARTESIAN_POINT('',(-0.0497804373556115,-0.0200326215994839,0.00508));
#1851=CARTESIAN_POINT('',(-0.0507277742962499,-0.0213804954677954,0.00508));
#1852=CARTESIAN_POINT('',(-0.0439653727918774,-0.0199135063993927,0.00508));
#1853=CARTESIAN_POINT('',(-0.0436427209518305,-0.019432985907014,0.00508));
#1854=CARTESIAN_POINT('',(-0.0230422390594531,-0.0186320696209994,0.00508));
#1855=CARTESIAN_POINT('',(-0.0287655891621189,-0.0149493779854664,0.00508));
#1856=CARTESIAN_POINT('',(-0.031299791635369,-0.00902217280024414,0.00508));
#1857=CARTESIAN_POINT('',(-0.0329863812686409,-0.00836126782497556,0.00508));
#1858=CARTESIAN_POINT('',(-0.0335828251085733,-0.00810921335427308,0.00508));
#1859=CARTESIAN_POINT('',(-0.0344713630564727,-0.00837265194201322,0.00508));
#1860=CARTESIAN_POINT('',(-0.034471363088477,-0.00837265194119633,0.00508));
#1861=CARTESIAN_POINT('',(-0.026452684689853,-0.0174427437771356,0.00508));
#1862=CARTESIAN_POINT('',(-0.0415833572214512,0.0129510665201283,0.00508));
#1863=CARTESIAN_POINT('',(-0.0439094175579798,0.0112772544644159,0.00508));
#1864=CARTESIAN_POINT('',(-0.0480311808731391,0.0082358970503433,0.00508));
#1865=CARTESIAN_POINT('',(-0.0498512706450767,-0.000423345347061085,0.00508));
#1866=CARTESIAN_POINT('',(-0.043858319417088,-0.00850935782327711,0.00508));
#1867=CARTESIAN_POINT('',(-0.0318549302016432,-0.00836799936339456,0.00508));
#1868=CARTESIAN_POINT('',(-0.0330334933177906,-0.00838187876561861,0.00508));
#1869=CARTESIAN_POINT('',(-0.0317220191884862,-0.00919463167958894,0.00508));
#1870=CARTESIAN_POINT('',(-0.0468497864151016,0.0082635934388643,0.00508));
#1871=CARTESIAN_POINT('',(-0.0468497864239139,0.00826359342673781,0.00508));
#1872=CARTESIAN_POINT('',(-0.0486457789414836,0.0107251178489568,0.00508));
#1873=CARTESIAN_POINT('',(-0.0522167865232987,0.0161411763856496,0.00508));
#1874=CARTESIAN_POINT('',(-0.0477560967629606,0.0276368255235273,0.00508));
#1875=CARTESIAN_POINT('',(-0.0460563044131943,0.0300273448777565,0.00508));
#1876=CARTESIAN_POINT('',(-0.0433641018875952,0.0198682314847298,0.00508));
#1877=CARTESIAN_POINT('',(-0.0435666598500337,0.0156507528816137,0.00508));
#1878=CARTESIAN_POINT('',(-0.0428681483393266,0.0131485012843645,0.00508));
#1879=CARTESIAN_POINT('',(-0.0427429376790063,0.0121078042718418,0.00508));
#1880=CARTESIAN_POINT('',(-0.042742937678948,0.012107804271885,0.00508));
#1881=CARTESIAN_POINT('',(-0.0415833572214512,0.0129510665201283,0.00508));
#1882=CARTESIAN_POINT('',(-0.0439094175579798,0.0112772544644159,0.00508));
#1883=CARTESIAN_POINT('',(-0.0480311808731391,0.0082358970503433,0.00508));
#1884=CARTESIAN_POINT('',(-0.0498512706450767,-0.000423345347061085,0.00508));
#1885=CARTESIAN_POINT('',(-0.043858319417088,-0.00850935782327711,0.00508));
#1886=CARTESIAN_POINT('',(-0.0318549302016432,-0.00836799936339456,0.00508));
#1887=CARTESIAN_POINT('',(-0.0330334933177906,-0.00838187876561861,0.00508));
#1888=CARTESIAN_POINT('',(-0.0317220191884862,-0.00919463167958894,0.00508));
#1889=CARTESIAN_POINT('',(-0.0415833572214512,0.0129510665201283,0.00508));
#1890=CARTESIAN_POINT('',(-0.0415833572214512,0.0129510665201283,0.00508));
#1891=CARTESIAN_POINT('',(-0.0387020642753763,0.0145118669598482,0.00508));
#1892=CARTESIAN_POINT('',(-0.0328966726125822,0.0176907335027245,0.00508));
#1893=CARTESIAN_POINT('',(-0.020046915312979,0.0155530369147547,0.00508));
#1894=CARTESIAN_POINT('',(-0.0148140405989042,0.0064555365405691,0.00508));
#1895=CARTESIAN_POINT('',(-8.94344411724595E-7,-0.0047169425811603,0.00508));
#1896=CARTESIAN_POINT('',(0.0155896372922188,-0.0148218937074949,0.00508));
#1897=CARTESIAN_POINT('',(0.0202388276277507,-0.0280600576237786,0.00508));
#1898=CARTESIAN_POINT('',(0.00948218749504664,-0.035303317172848,0.00508));
#1899=CARTESIAN_POINT('',(0.000113731258671935,-0.0289995834628093,0.00508));
#1900=CARTESIAN_POINT('',(-0.00701321436749279,-0.0330664616683391,0.00508));
#1901=CARTESIAN_POINT('',(-0.0122908356173399,-0.0391110218721427,0.00508));
#1902=CARTESIAN_POINT('',(-0.0216829915551233,-0.0366236303305206,0.00508));
#1903=CARTESIAN_POINT('',(-0.0268920869693114,-0.0302422242135474,0.00508));
#1904=CARTESIAN_POINT('',(-0.0247631811020774,-0.0190011075828422,0.00508));
#1905=CARTESIAN_POINT('',(-0.0284210746313035,-0.0148142841750898,0.00508));
#1906=CARTESIAN_POINT('',(-0.0293051403815096,-0.0120718654704879,0.00508));
#1907=CARTESIAN_POINT('',(-0.0317220191884862,-0.00919463167958894,0.00508));
#1908=CARTESIAN_POINT('',(-0.0287143814816002,0.0166002491237492,0.00508));
#1909=CARTESIAN_POINT('',(-0.0287143814684221,0.0166002491228108,0.00508));
#1910=CARTESIAN_POINT('',(-0.0273508816211071,0.0185714507450784,0.00508));
#1911=CARTESIAN_POINT('',(-0.0260491166075917,0.020100604194513,0.00508));
#1912=CARTESIAN_POINT('',(-0.020923292572365,0.0260170113425185,0.00508));
#1913=CARTESIAN_POINT('',(-0.0139168991157956,0.030727688695573,0.00508));
#1914=CARTESIAN_POINT('',(-0.00619376453636027,0.0323316462002568,0.00508));
#1915=CARTESIAN_POINT('',(-0.00147799762267664,0.0328956072282828,0.00508));
#1916=CARTESIAN_POINT('',(-0.00803627104449551,0.0227275738371557,0.00508));
#1917=CARTESIAN_POINT('',(-0.0223047946595831,0.0151529858866728,0.00508));
#1918=CARTESIAN_POINT('',(-0.0223988003833251,0.015047439022327,0.00508));
#1919=CARTESIAN_POINT('',(-0.022396145548303,0.0150455337287343,0.00508));
#1920=CARTESIAN_POINT('',(-0.0415833572214512,0.0129510665201283,0.00508));
#1921=CARTESIAN_POINT('',(-0.0387020642753763,0.0145118669598482,0.00508));
#1922=CARTESIAN_POINT('',(-0.0328966726125822,0.0176907335027245,0.00508));
#1923=CARTESIAN_POINT('',(-0.020046915312979,0.0155530369147547,0.00508));
#1924=CARTESIAN_POINT('',(-0.0148140405989042,0.0064555365405691,0.00508));
#1925=CARTESIAN_POINT('',(-8.94344411724595E-7,-0.0047169425811603,0.00508));
#1926=CARTESIAN_POINT('',(0.0155896372922188,-0.0148218937074949,0.00508));
#1927=CARTESIAN_POINT('',(0.0202388276277507,-0.0280600576237786,0.00508));
#1928=CARTESIAN_POINT('',(0.00948218749504664,-0.035303317172848,0.00508));
#1929=CARTESIAN_POINT('',(0.000113731258671935,-0.0289995834628093,0.00508));
#1930=CARTESIAN_POINT('',(-0.00701321436749279,-0.0330664616683391,0.00508));
#1931=CARTESIAN_POINT('',(-0.0122908356173399,-0.0391110218721427,0.00508));
#1932=CARTESIAN_POINT('',(-0.0216829915551233,-0.0366236303305206,0.00508));
#1933=CARTESIAN_POINT('',(-0.0268920869693114,-0.0302422242135474,0.00508));
#1934=CARTESIAN_POINT('',(-0.0247631811020774,-0.0190011075828422,0.00508));
#1935=CARTESIAN_POINT('',(-0.0284210746313035,-0.0148142841750898,0.00508));
#1936=CARTESIAN_POINT('',(-0.0293051403815096,-0.0120718654704879,0.00508));
#1937=CARTESIAN_POINT('',(-0.0317220191884862,-0.00919463167958894,0.00508));
#1938=CARTESIAN_POINT('',(0.00533946651148185,-0.00816496299743216,0.00508));
#1939=CARTESIAN_POINT('',(0.0126761104596018,-0.0142225244384478,0.00508));
#1940=CARTESIAN_POINT('',(0.0136236982175689,-0.014374541756056,0.00508));
#1941=CARTESIAN_POINT('',(0.017098534903027,-0.0134182009908326,0.00508));
#1942=CARTESIAN_POINT('',(0.0189804094946045,-0.0133115209292577,0.00508));
#1943=CARTESIAN_POINT('',(0.0127655329374423,-0.00834276092194858,0.00508));
#1944=CARTESIAN_POINT('',(0.014023589434152,-0.00801771345720514,0.00508));
#1945=CARTESIAN_POINT('',(0.0203168283571835,-0.00400010692590992,0.00508));
#1946=CARTESIAN_POINT('',(0.0219166224781436,-0.00412496004407919,0.00508));
#1947=CARTESIAN_POINT('',(0.0132669626595551,0.00384671317519786,0.00508));
#1948=CARTESIAN_POINT('',(0.0152713112136136,0.00410103111623481,0.00508));
#1949=CARTESIAN_POINT('',(0.0246768291711279,0.0116920120972438,0.00508));
#1950=CARTESIAN_POINT('',(0.0266652852377804,0.0115947078613443,0.00508));
#1951=CARTESIAN_POINT('',(0.0223598026493349,0.0170897890337791,0.00508));
#1952=CARTESIAN_POINT('',(0.0199395297394955,0.016526869284329,0.00508));
#1953=CARTESIAN_POINT('',(0.0294339360375247,0.0266665922837245,0.00508));
#1954=CARTESIAN_POINT('',(0.0307972686686747,0.0279707503211353,0.00508));
#1955=CARTESIAN_POINT('',(0.0156469789245103,0.0344636537291647,0.00508));
#1956=CARTESIAN_POINT('',(0.0153292295533585,0.0352665044087846,0.00508));
#1957=CARTESIAN_POINT('',(0.00657233543247574,0.0150316638788082,0.00508));
#1958=CARTESIAN_POINT('',(0.00648578626223168,0.0144880668825265,0.00508));
#1959=CARTESIAN_POINT('',(0.0144446228966355,0.0105929491603873,0.00508));
#1960=CARTESIAN_POINT('',(0.0154991998104737,0.0106887955233158,0.00508));
#1961=CARTESIAN_POINT('',(0.00810098793844089,0.0050186740334544,0.00508));
#1962=CARTESIAN_POINT('',(0.00639831404133571,0.00577700977761216,0.00508));
#1963=CARTESIAN_POINT('',(0.0130995279510112,-0.00342183453614806,0.00508));
#1964=CARTESIAN_POINT('',(0.0145561877644546,-0.00324531891577123,0.00508));
#1965=CARTESIAN_POINT('',(0.00410647730877341,-0.00833839111739477,0.00508));
#1966=CARTESIAN_POINT('',(0.00636820476344649,-0.00838838290789892,0.00508));
#1967=CARTESIAN_POINT('',(0.0119745697104407,-0.0130111116042617,0.00508));
#1968=CARTESIAN_POINT('',(0.0121414530506058,-0.0141367517124163,0.00508));
#1969=CARTESIAN_POINT('',(0.0126761104596018,-0.0142225244384478,0.00508));
#1970=CARTESIAN_POINT('',(0.0126761104625203,-0.0142225244414338,0.00508));
#1971=CARTESIAN_POINT('',(-0.0415833572214512,0.0129510665201283,0.00508));
#1972=CARTESIAN_POINT('',(-0.0387020642753763,0.0145118669598482,0.00508));
#1973=CARTESIAN_POINT('',(-0.0328966726125822,0.0176907335027245,0.00508));
#1974=CARTESIAN_POINT('',(-0.020046915312979,0.0155530369147547,0.00508));
#1975=CARTESIAN_POINT('',(-0.0148140405989042,0.0064555365405691,0.00508));
#1976=CARTESIAN_POINT('',(-8.94344411724595E-7,-0.0047169425811603,0.00508));
#1977=CARTESIAN_POINT('',(0.0155896372922188,-0.0148218937074949,0.00508));
#1978=CARTESIAN_POINT('',(0.0202388276277507,-0.0280600576237786,0.00508));
#1979=CARTESIAN_POINT('',(0.00948218749504664,-0.035303317172848,0.00508));
#1980=CARTESIAN_POINT('',(0.000113731258671935,-0.0289995834628093,0.00508));
#1981=CARTESIAN_POINT('',(-0.00701321436749279,-0.0330664616683391,0.00508));
#1982=CARTESIAN_POINT('',(-0.0122908356173399,-0.0391110218721427,0.00508));
#1983=CARTESIAN_POINT('',(-0.0216829915551233,-0.0366236303305206,0.00508));
#1984=CARTESIAN_POINT('',(-0.0268920869693114,-0.0302422242135474,0.00508));
#1985=CARTESIAN_POINT('',(-0.0247631811020774,-0.0190011075828422,0.00508));
#1986=CARTESIAN_POINT('',(-0.0284210746313035,-0.0148142841750898,0.00508));
#1987=CARTESIAN_POINT('',(-0.0293051403815096,-0.0120718654704879,0.00508));
#1988=CARTESIAN_POINT('',(-0.0317220191884862,-0.00919463167958894,0.00508));
#1989=CARTESIAN_POINT('',(0.0138564302477965,-0.0317748556170856,0.00508));
#1990=CARTESIAN_POINT('',(0.00733758371192719,-0.0327779239117628,0.00508));
#1991=CARTESIAN_POINT('',(0.0068931998106874,-0.033256540193649,0.00508));
#1992=CARTESIAN_POINT('',(0.00924715747551357,-0.0386250741696128,0.00508));
#1993=CARTESIAN_POINT('',(0.014263009989596,-0.0423484180760906,0.00508));
#1994=CARTESIAN_POINT('',(0.0130272762487488,-0.0397151385297653,0.00508));
#1995=CARTESIAN_POINT('',(0.0150029677397429,-0.0423562493826856,0.00508));
#1996=CARTESIAN_POINT('',(0.0167390068560405,-0.0429025239828667,0.00508));
#1997=CARTESIAN_POINT('',(0.0166029230830052,-0.0416712982087741,0.00508));
#1998=CARTESIAN_POINT('',(0.0149987933684635,-0.0385702097859701,0.00508));
#1999=CARTESIAN_POINT('',(0.0166136020675009,-0.0409879949683801,0.00508));
#2000=CARTESIAN_POINT('',(0.0171976229100331,-0.0384071439650654,0.00508));
#2001=CARTESIAN_POINT('',(0.0156732640775795,-0.0366105512793807,0.00508));
#2002=CARTESIAN_POINT('',(0.0141497804403197,-0.0306442912651103,0.00508));
#2003=CARTESIAN_POINT('',(0.0125593397120376,-0.03294157408744,0.00508));
#2004=CARTESIAN_POINT('',(0.00942439584937521,-0.0336429595726265,0.00508));
#2005=CARTESIAN_POINT('',(0.0075894546038494,-0.0325066505612412,0.00508));
#2006=CARTESIAN_POINT('',(0.00733758371192719,-0.0327779239117628,0.00508));
#2007=CARTESIAN_POINT('',(0.00733758370749569,-0.0327779239107896,0.00508));
#2008=CARTESIAN_POINT('',(-0.0415833572214512,0.0129510665201283,0.00508));
#2009=CARTESIAN_POINT('',(-0.0387020642753763,0.0145118669598482,0.00508));
#2010=CARTESIAN_POINT('',(-0.0328966726125822,0.0176907335027245,0.00508));
#2011=CARTESIAN_POINT('',(-0.020046915312979,0.0155530369147547,0.00508));
#2012=CARTESIAN_POINT('',(-0.0148140405989042,0.0064555365405691,0.00508));
#2013=CARTESIAN_POINT('',(-8.94344411724595E-7,-0.0047169425811603,0.00508));
#2014=CARTESIAN_POINT('',(0.0155896372922188,-0.0148218937074949,0.00508));
#2015=CARTESIAN_POINT('',(0.0202388276277507,-0.0280600576237786,0.00508));
#2016=CARTESIAN_POINT('',(0.00948218749504664,-0.035303317172848,0.00508));
#2017=CARTESIAN_POINT('',(0.000113731258671935,-0.0289995834628093,0.00508));
#2018=CARTESIAN_POINT('',(-0.00701321436749279,-0.0330664616683391,0.00508));
#2019=CARTESIAN_POINT('',(-0.0122908356173399,-0.0391110218721427,0.00508));
#2020=CARTESIAN_POINT('',(-0.0216829915551233,-0.0366236303305206,0.00508));
#2021=CARTESIAN_POINT('',(-0.0268920869693114,-0.0302422242135474,0.00508));
#2022=CARTESIAN_POINT('',(-0.0247631811020774,-0.0190011075828422,0.00508));
#2023=CARTESIAN_POINT('',(-0.0284210746313035,-0.0148142841750898,0.00508));
#2024=CARTESIAN_POINT('',(-0.0293051403815096,-0.0120718654704879,0.00508));
#2025=CARTESIAN_POINT('',(-0.0317220191884862,-0.00919463167958894,0.00508));
#2026=CARTESIAN_POINT('',(-0.0139583499783076,-0.0378321211089855,0.00508));
#2027=CARTESIAN_POINT('',(-0.017424510292535,-0.0374922976934072,0.00508));
#2028=CARTESIAN_POINT('',(-0.0178779713189867,-0.0377048267220209,0.00508));
#2029=CARTESIAN_POINT('',(-0.018014965392534,-0.0410436715806317,0.00508));
#2030=CARTESIAN_POINT('',(-0.011371340947887,-0.0458934981467165,0.00508));
#2031=CARTESIAN_POINT('',(-0.0142131057733924,-0.0428234825392728,0.00508));
#2032=CARTESIAN_POINT('',(-0.00984520130657627,-0.0465775841891072,0.00508));
#2033=CARTESIAN_POINT('',(-0.0117433920338926,-0.0423933550540994,0.00508));
#2034=CARTESIAN_POINT('',(-0.0107596882958658,-0.0441282028300134,0.00508));
#2035=CARTESIAN_POINT('',(-0.0104439558630188,-0.0430011297348321,0.00508));
#2036=CARTESIAN_POINT('',(-0.0135208299005551,-0.036592315461316,0.00508));
#2037=CARTESIAN_POINT('',(-0.016122843016176,-0.0381452809303704,0.00508));
#2038=CARTESIAN_POINT('',(-0.0171436217736488,-0.0373606502957581,0.00508));
#2039=CARTESIAN_POINT('',(-0.017424510292535,-0.0374922976934072,0.00508));
#2040=CARTESIAN_POINT('',(-0.0174245102923518,-0.0374922976934551,0.00508));
#2041=CARTESIAN_POINT('',(-0.0415833572214512,0.0129510665201283,0.00508));
#2042=CARTESIAN_POINT('',(-0.0387020642753763,0.0145118669598482,0.00508));
#2043=CARTESIAN_POINT('',(-0.0328966726125822,0.0176907335027245,0.00508));
#2044=CARTESIAN_POINT('',(-0.020046915312979,0.0155530369147547,0.00508));
#2045=CARTESIAN_POINT('',(-0.0148140405989042,0.0064555365405691,0.00508));
#2046=CARTESIAN_POINT('',(-8.94344411724595E-7,-0.0047169425811603,0.00508));
#2047=CARTESIAN_POINT('',(0.0155896372922188,-0.0148218937074949,0.00508));
#2048=CARTESIAN_POINT('',(0.0202388276277507,-0.0280600576237786,0.00508));
#2049=CARTESIAN_POINT('',(0.00948218749504664,-0.035303317172848,0.00508));
#2050=CARTESIAN_POINT('',(0.000113731258671935,-0.0289995834628093,0.00508));
#2051=CARTESIAN_POINT('',(-0.00701321436749279,-0.0330664616683391,0.00508));
#2052=CARTESIAN_POINT('',(-0.0122908356173399,-0.0391110218721427,0.00508));
#2053=CARTESIAN_POINT('',(-0.0216829915551233,-0.0366236303305206,0.00508));
#2054=CARTESIAN_POINT('',(-0.0268920869693114,-0.0302422242135474,0.00508));
#2055=CARTESIAN_POINT('',(-0.0247631811020774,-0.0190011075828422,0.00508));
#2056=CARTESIAN_POINT('',(-0.0284210746313035,-0.0148142841750898,0.00508));
#2057=CARTESIAN_POINT('',(-0.0293051403815096,-0.0120718654704879,0.00508));
#2058=CARTESIAN_POINT('',(-0.0317220191884862,-0.00919463167958894,0.00508));
#2059=CARTESIAN_POINT('',(0.0366481803357601,-0.00459555156826972,0.00508));
#2060=CARTESIAN_POINT('',(0.0366481803357601,0.0144544484317303,0.00508));
#2061=CARTESIAN_POINT('',(0.0366481803357601,-0.0236455515682697,0.00508));
#2062=CARTESIAN_POINT('',(0.0112481803357601,0.0144544484317303,0.00508));
#2063=CARTESIAN_POINT('',(0.0112481803357601,0.0398544484317303,0.00508));
#2064=CARTESIAN_POINT('',(-0.00780181966423989,0.0398544484317303,0.00508));
#2065=CARTESIAN_POINT('',(-0.0268518196642399,0.0398544484317303,0.00508));
#2066=CARTESIAN_POINT('',(-0.0268518196642399,0.0144544484317303,0.00508));
#2067=CARTESIAN_POINT('',(-0.0522518196642399,0.0144544484317303,0.00508));
#2068=CARTESIAN_POINT('',(-0.0522518196642399,-0.00459555156826972,0.00508));
#2069=CARTESIAN_POINT('',(-0.0522518196642399,-0.0236455515682697,0.00508));
#2070=CARTESIAN_POINT('',(-0.0268518196642398,-0.0236455515682697,0.00508));
#2071=CARTESIAN_POINT('',(-0.0268518196642398,-0.0490455515682697,0.00508));
#2072=CARTESIAN_POINT('',(-0.00780181966423989,-0.0490455515682697,0.00508));
#2073=CARTESIAN_POINT('',(0.0112481803357601,-0.0490455515682697,0.00508));
#2074=CARTESIAN_POINT('',(0.0112481803357601,-0.0236455515682697,0.00508));
#2075=CARTESIAN_POINT('',(-0.00780181966423988,-0.00459555156826972,0.00508));
#2076=CARTESIAN_POINT('',(-0.0344713630564727,-0.00837265194201322,0.00508));
#2077=CARTESIAN_POINT('',(-0.037187952942123,-0.00917808136079805,0.00508));
#2078=CARTESIAN_POINT('',(-0.047930377031489,-0.0150407553347648,0.00508));
#2079=CARTESIAN_POINT('',(-0.0487684323851581,-0.014195818944681,0.00508));
#2080=CARTESIAN_POINT('',(-0.05159832556276,-0.0137545309300151,0.00508));
#2081=CARTESIAN_POINT('',(-0.0488929755745144,-0.016112002981998,0.00508));
#2082=CARTESIAN_POINT('',(-0.0509633261651892,-0.0158303006378009,0.00508));
#2083=CARTESIAN_POINT('',(-0.0524119443688054,-0.0161288077677891,0.00508));
#2084=CARTESIAN_POINT('',(-0.0508429369483427,-0.017361963824486,0.00508));
#2085=CARTESIAN_POINT('',(-0.0502875651399864,-0.0174986404167982,0.00508));
#2086=CARTESIAN_POINT('',(-0.0518145542211881,-0.0185846691181989,0.00508));
#2087=CARTESIAN_POINT('',(-0.0516768191263568,-0.0194518533815181,0.00508));
#2088=CARTESIAN_POINT('',(-0.0503595333594474,-0.0192112306277892,0.00508));
#2089=CARTESIAN_POINT('',(-0.0485762955436461,-0.0186079499099674,0.00508));
#2090=CARTESIAN_POINT('',(-0.0497804373556115,-0.0200326215994839,0.00508));
#2091=CARTESIAN_POINT('',(-0.0507277742962499,-0.0213804954677954,0.00508));
#2092=CARTESIAN_POINT('',(-0.0439653727918774,-0.0199135063993927,0.00508));
#2093=CARTESIAN_POINT('',(-0.0436427209518305,-0.019432985907014,0.00508));
#2094=CARTESIAN_POINT('',(-0.0230422390594531,-0.0186320696209994,0.00508));
#2095=CARTESIAN_POINT('',(-0.0287655891621189,-0.0149493779854664,0.00508));
#2096=CARTESIAN_POINT('',(-0.031299791635369,-0.00902217280024414,0.00508));
#2097=CARTESIAN_POINT('',(-0.0329863812686409,-0.00836126782497556,0.00508));
#2098=CARTESIAN_POINT('',(-0.0335828251085733,-0.00810921335427308,0.00508));
#2099=CARTESIAN_POINT('',(-0.0344713630564727,-0.00837265194201322,0.00508));
#2100=CARTESIAN_POINT('',(-0.0280066051698654,-0.0149051857286587,0.00508));
#2101=CARTESIAN_POINT('',(-0.0316185081829853,-0.00931843664679363,0.00508));
#2102=CARTESIAN_POINT('',(-0.0415833572214512,0.0129510665201283,0.00508));
#2103=CARTESIAN_POINT('',(-0.0387020642753763,0.0145118669598482,0.00508));
#2104=CARTESIAN_POINT('',(-0.0328966726125822,0.0176907335027245,0.00508));
#2105=CARTESIAN_POINT('',(-0.020046915312979,0.0155530369147547,0.00508));
#2106=CARTESIAN_POINT('',(-0.0148140405989042,0.0064555365405691,0.00508));
#2107=CARTESIAN_POINT('',(-8.94344411724595E-7,-0.0047169425811603,0.00508));
#2108=CARTESIAN_POINT('',(0.0155896372922188,-0.0148218937074949,0.00508));
#2109=CARTESIAN_POINT('',(0.0202388276277507,-0.0280600576237786,0.00508));
#2110=CARTESIAN_POINT('',(0.00948218749504664,-0.035303317172848,0.00508));
#2111=CARTESIAN_POINT('',(0.000113731258671935,-0.0289995834628093,0.00508));
#2112=CARTESIAN_POINT('',(-0.00701321436749279,-0.0330664616683391,0.00508));
#2113=CARTESIAN_POINT('',(-0.0122908356173399,-0.0391110218721427,0.00508));
#2114=CARTESIAN_POINT('',(-0.0216829915551233,-0.0366236303305206,0.00508));
#2115=CARTESIAN_POINT('',(-0.0268920869693114,-0.0302422242135474,0.00508));
#2116=CARTESIAN_POINT('',(-0.0247631811020774,-0.0190011075828422,0.00508));
#2117=CARTESIAN_POINT('',(-0.0284210746313035,-0.0148142841750898,0.00508));
#2118=CARTESIAN_POINT('',(-0.0293051403815096,-0.0120718654704879,0.00508));
#2119=CARTESIAN_POINT('',(-0.0317220191884862,-0.00919463167958894,0.00508));
#2120=CARTESIAN_POINT('',(-0.00780181966423988,-0.00459555156826972,0.00508));
#2121=CARTESIAN_POINT('',(-0.0344713630564727,-0.00837265194201322,0.00508));
#2122=CARTESIAN_POINT('',(-0.037187952942123,-0.00917808136079805,0.00508));
#2123=CARTESIAN_POINT('',(-0.047930377031489,-0.0150407553347648,0.00508));
#2124=CARTESIAN_POINT('',(-0.0487684323851581,-0.014195818944681,0.00508));
#2125=CARTESIAN_POINT('',(-0.05159832556276,-0.0137545309300151,0.00508));
#2126=CARTESIAN_POINT('',(-0.0488929755745144,-0.016112002981998,0.00508));
#2127=CARTESIAN_POINT('',(-0.0509633261651892,-0.0158303006378009,0.00508));
#2128=CARTESIAN_POINT('',(-0.0524119443688054,-0.0161288077677891,0.00508));
#2129=CARTESIAN_POINT('',(-0.0508429369483427,-0.017361963824486,0.00508));
#2130=CARTESIAN_POINT('',(-0.0502875651399864,-0.0174986404167982,0.00508));
#2131=CARTESIAN_POINT('',(-0.0518145542211881,-0.0185846691181989,0.00508));
#2132=CARTESIAN_POINT('',(-0.0516768191263568,-0.0194518533815181,0.00508));
#2133=CARTESIAN_POINT('',(-0.0503595333594474,-0.0192112306277892,0.00508));
#2134=CARTESIAN_POINT('',(-0.0485762955436461,-0.0186079499099674,0.00508));
#2135=CARTESIAN_POINT('',(-0.0497804373556115,-0.0200326215994839,0.00508));
#2136=CARTESIAN_POINT('',(-0.0507277742962499,-0.0213804954677954,0.00508));
#2137=CARTESIAN_POINT('',(-0.0439653727918774,-0.0199135063993927,0.00508));
#2138=CARTESIAN_POINT('',(-0.0436427209518305,-0.019432985907014,0.00508));
#2139=CARTESIAN_POINT('',(-0.0230422390594531,-0.0186320696209994,0.00508));
#2140=CARTESIAN_POINT('',(-0.0287655891621189,-0.0149493779854664,0.00508));
#2141=CARTESIAN_POINT('',(-0.031299791635369,-0.00902217280024414,0.00508));
#2142=CARTESIAN_POINT('',(-0.0329863812686409,-0.00836126782497556,0.00508));
#2143=CARTESIAN_POINT('',(-0.0335828251085733,-0.00810921335427308,0.00508));
#2144=CARTESIAN_POINT('',(-0.0344713630564727,-0.00837265194201322,0.00508));
#2145=CARTESIAN_POINT('',(-0.032808048998768,-0.00842835891339689,0.00508));
#2146=CARTESIAN_POINT('',(-0.0329188146696566,-0.00838332292774268,0.00508));
#2147=CARTESIAN_POINT('',(-0.0415833572214512,0.0129510665201283,0.00508));
#2148=CARTESIAN_POINT('',(-0.0439094175579798,0.0112772544644159,0.00508));
#2149=CARTESIAN_POINT('',(-0.0480311808731391,0.0082358970503433,0.00508));
#2150=CARTESIAN_POINT('',(-0.0498512706450767,-0.000423345347061085,0.00508));
#2151=CARTESIAN_POINT('',(-0.043858319417088,-0.00850935782327711,0.00508));
#2152=CARTESIAN_POINT('',(-0.0318549302016432,-0.00836799936339456,0.00508));
#2153=CARTESIAN_POINT('',(-0.0330334933177906,-0.00838187876561861,0.00508));
#2154=CARTESIAN_POINT('',(-0.0317220191884862,-0.00919463167958894,0.00508));
#2155=CARTESIAN_POINT('',(-0.00780181966423988,-0.00459555156826972,0.00508));
#2156=CARTESIAN_POINT('',(-0.017424510292535,-0.0374922976934072,0.00508));
#2157=CARTESIAN_POINT('',(-0.0178779713189867,-0.0377048267220209,0.00508));
#2158=CARTESIAN_POINT('',(-0.018014965392534,-0.0410436715806317,0.00508));
#2159=CARTESIAN_POINT('',(-0.011371340947887,-0.0458934981467165,0.00508));
#2160=CARTESIAN_POINT('',(-0.0142131057733924,-0.0428234825392728,0.00508));
#2161=CARTESIAN_POINT('',(-0.00984520130657627,-0.0465775841891072,0.00508));
#2162=CARTESIAN_POINT('',(-0.0117433920338926,-0.0423933550540994,0.00508));
#2163=CARTESIAN_POINT('',(-0.0107596882958658,-0.0441282028300134,0.00508));
#2164=CARTESIAN_POINT('',(-0.0104439558630188,-0.0430011297348321,0.00508));
#2165=CARTESIAN_POINT('',(-0.0135208299005551,-0.036592315461316,0.00508));
#2166=CARTESIAN_POINT('',(-0.016122843016176,-0.0381452809303704,0.00508));
#2167=CARTESIAN_POINT('',(-0.0171436217736488,-0.0373606502957581,0.00508));
#2168=CARTESIAN_POINT('',(-0.017424510292535,-0.0374922976934072,0.00508));
#2169=CARTESIAN_POINT('',(-0.0162246181042969,-0.0377430729316373,0.00508));
#2170=CARTESIAN_POINT('',(-0.016382353744736,-0.0377174753228977,0.00508));
#2171=CARTESIAN_POINT('',(-0.0415833572214512,0.0129510665201283,0.00508));
#2172=CARTESIAN_POINT('',(-0.0387020642753763,0.0145118669598482,0.00508));
#2173=CARTESIAN_POINT('',(-0.0328966726125822,0.0176907335027245,0.00508));
#2174=CARTESIAN_POINT('',(-0.020046915312979,0.0155530369147547,0.00508));
#2175=CARTESIAN_POINT('',(-0.0148140405989042,0.0064555365405691,0.00508));
#2176=CARTESIAN_POINT('',(-8.94344411724595E-7,-0.0047169425811603,0.00508));
#2177=CARTESIAN_POINT('',(0.0155896372922188,-0.0148218937074949,0.00508));
#2178=CARTESIAN_POINT('',(0.0202388276277507,-0.0280600576237786,0.00508));
#2179=CARTESIAN_POINT('',(0.00948218749504664,-0.035303317172848,0.00508));
#2180=CARTESIAN_POINT('',(0.000113731258671935,-0.0289995834628093,0.00508));
#2181=CARTESIAN_POINT('',(-0.00701321436749279,-0.0330664616683391,0.00508));
#2182=CARTESIAN_POINT('',(-0.0122908356173399,-0.0391110218721427,0.00508));
#2183=CARTESIAN_POINT('',(-0.0216829915551233,-0.0366236303305206,0.00508));
#2184=CARTESIAN_POINT('',(-0.0268920869693114,-0.0302422242135474,0.00508));
#2185=CARTESIAN_POINT('',(-0.0247631811020774,-0.0190011075828422,0.00508));
#2186=CARTESIAN_POINT('',(-0.0284210746313035,-0.0148142841750898,0.00508));
#2187=CARTESIAN_POINT('',(-0.0293051403815096,-0.0120718654704879,0.00508));
#2188=CARTESIAN_POINT('',(-0.0317220191884862,-0.00919463167958894,0.00508));
#2189=CARTESIAN_POINT('',(-0.0223934903519323,0.0150436292194878,0.004064));
#2190=CARTESIAN_POINT('',(-0.0223934903519323,0.0150436292194878,0.00508));
#2191=CARTESIAN_POINT('',(-0.021246245702045,0.01450763987681,0.004064));
#2192=CARTESIAN_POINT('',(-0.021246245702045,0.01450763987681,0.00508));
#2193=CARTESIAN_POINT('',(-0.0193060535544449,0.0131648118332784,0.004064));
#2194=CARTESIAN_POINT('',(-0.0193060535544449,0.0131648118332784,0.00508));
#2195=CARTESIAN_POINT('',(-0.0170436947520193,0.0105329353155728,0.004064));
#2196=CARTESIAN_POINT('',(-0.0170436947520193,0.0105329353155728,0.00508));
#2197=CARTESIAN_POINT('',(-0.0146861589797105,0.00753093967911879,0.004064));
#2198=CARTESIAN_POINT('',(-0.0146861589797105,0.00753093967911879,0.00508));
#2199=CARTESIAN_POINT('',(-0.0115201157275451,0.00440317356292848,0.004064));
#2200=CARTESIAN_POINT('',(-0.0115201157275451,0.00440317356292848,0.00508));
#2201=CARTESIAN_POINT('',(-0.00770866871942922,0.00121732357054663,0.004064));
#2202=CARTESIAN_POINT('',(-0.00770866871942922,0.00121732357054663,0.00508));
#2203=CARTESIAN_POINT('',(-0.00347965491620821,-0.00197445024971396,0.004064));
#2204=CARTESIAN_POINT('',(-0.00347965491620821,-0.00197445024971396,0.00508));
#2205=CARTESIAN_POINT('',(0.000958198790504113,-0.00510611185770681,0.004064));
#2206=CARTESIAN_POINT('',(0.000958198790504113,-0.00510611185770681,0.00508));
#2207=CARTESIAN_POINT('',(0.00390857222423056,-0.00713774448260678,0.004064));
#2208=CARTESIAN_POINT('',(0.00390857222423056,-0.00713774448260678,0.00508));
#2209=CARTESIAN_POINT('',(0.00533946651304899,-0.00816496299565261,0.004064));
#2210=CARTESIAN_POINT('',(0.00533946651304899,-0.00816496299565261,0.00508));
#2211=CARTESIAN_POINT('',(-0.0415833572214512,0.0129510665201283,0.004064));
#2212=CARTESIAN_POINT('',(-0.0387020642753763,0.0145118669598482,0.004064));
#2213=CARTESIAN_POINT('',(-0.0328966726125822,0.0176907335027245,0.004064));
#2214=CARTESIAN_POINT('',(-0.020046915312979,0.0155530369147547,0.004064));
#2215=CARTESIAN_POINT('',(-0.0148140405989042,0.0064555365405691,0.004064));
#2216=CARTESIAN_POINT('',(-8.94344411724595E-7,-0.0047169425811603,0.004064));
#2217=CARTESIAN_POINT('',(0.0155896372922188,-0.0148218937074949,0.004064));
#2218=CARTESIAN_POINT('',(0.0202388276277507,-0.0280600576237786,0.004064));
#2219=CARTESIAN_POINT('',(0.00948218749504664,-0.035303317172848,0.004064));
#2220=CARTESIAN_POINT('',(0.000113731258671935,-0.0289995834628093,0.004064));
#2221=CARTESIAN_POINT('',(-0.00701321436749279,-0.0330664616683391,0.004064));
#2222=CARTESIAN_POINT('',(-0.0122908356173399,-0.0391110218721427,0.004064));
#2223=CARTESIAN_POINT('',(-0.0216829915551233,-0.0366236303305206,0.004064));
#2224=CARTESIAN_POINT('',(-0.0268920869693114,-0.0302422242135474,0.004064));
#2225=CARTESIAN_POINT('',(-0.0247631811020774,-0.0190011075828422,0.004064));
#2226=CARTESIAN_POINT('',(-0.0284210746313035,-0.0148142841750898,0.004064));
#2227=CARTESIAN_POINT('',(-0.0293051403815096,-0.0120718654704879,0.004064));
#2228=CARTESIAN_POINT('',(-0.0317220191884862,-0.00919463167958894,0.004064));
#2229=CARTESIAN_POINT('',(-0.0223967825181338,0.0150451668894985,0.004064));
#2230=CARTESIAN_POINT('',(0.00533851613927973,-0.00816604656516877,0.004064));
#2231=CARTESIAN_POINT('',(0.00533946651304799,-0.0081649629956519,0.004064));
#2232=CARTESIAN_POINT('',(-0.0223934945092178,0.0150436311605785,0.006604));
#2233=CARTESIAN_POINT('',(0.00588308715282839,-0.00855735707654208,0.004064));
#2234=CARTESIAN_POINT('',(0.00588308715282839,-0.00855735707654208,0.00508));
#2235=CARTESIAN_POINT('',(0.00793567514855054,-0.0100474874490041,0.004064));
#2236=CARTESIAN_POINT('',(0.00793567514855054,-0.0100474874490041,0.00508));
#2237=CARTESIAN_POINT('',(0.00988495423413591,-0.0115647924083881,0.004064));
#2238=CARTESIAN_POINT('',(0.00988495423413591,-0.0115647924083881,0.00508));
#2239=CARTESIAN_POINT('',(0.0116049727354778,-0.0131754215794763,0.004064));
#2240=CARTESIAN_POINT('',(0.0116049727354778,-0.0131754215794763,0.00508));
#2241=CARTESIAN_POINT('',(-0.0415833572214512,0.0129510665201283,0.00508));
#2242=CARTESIAN_POINT('',(-0.0387020642753763,0.0145118669598482,0.00508));
#2243=CARTESIAN_POINT('',(-0.0328966726125822,0.0176907335027245,0.00508));
#2244=CARTESIAN_POINT('',(-0.020046915312979,0.0155530369147547,0.00508));
#2245=CARTESIAN_POINT('',(-0.0148140405989042,0.0064555365405691,0.00508));
#2246=CARTESIAN_POINT('',(-8.94344411724595E-7,-0.0047169425811603,0.00508));
#2247=CARTESIAN_POINT('',(0.0155896372922188,-0.0148218937074949,0.00508));
#2248=CARTESIAN_POINT('',(0.0202388276277507,-0.0280600576237786,0.00508));
#2249=CARTESIAN_POINT('',(0.00948218749504664,-0.035303317172848,0.00508));
#2250=CARTESIAN_POINT('',(0.000113731258671935,-0.0289995834628093,0.00508));
#2251=CARTESIAN_POINT('',(-0.00701321436749279,-0.0330664616683391,0.00508));
#2252=CARTESIAN_POINT('',(-0.0122908356173399,-0.0391110218721427,0.00508));
#2253=CARTESIAN_POINT('',(-0.0216829915551233,-0.0366236303305206,0.00508));
#2254=CARTESIAN_POINT('',(-0.0268920869693114,-0.0302422242135474,0.00508));
#2255=CARTESIAN_POINT('',(-0.0247631811020774,-0.0190011075828422,0.00508));
#2256=CARTESIAN_POINT('',(-0.0284210746313035,-0.0148142841750898,0.00508));
#2257=CARTESIAN_POINT('',(-0.0293051403815096,-0.0120718654704879,0.00508));
#2258=CARTESIAN_POINT('',(-0.0317220191884862,-0.00919463167958894,0.00508));
#2259=CARTESIAN_POINT('',(0.00588308715548225,-0.00855735707768902,0.00508));
#2260=CARTESIAN_POINT('',(0.0116049727343087,-0.0131754215783773,0.00508));
#2261=CARTESIAN_POINT('',(0.00588308715282699,-0.00855735707654106,0.004064));
#2262=CARTESIAN_POINT('',(0.00587618238129613,-0.00855438136602216,0.004064));
#2263=CARTESIAN_POINT('',(-0.0415833572214512,0.0129510665201283,0.004064));
#2264=CARTESIAN_POINT('',(-0.0387020642753763,0.0145118669598482,0.004064));
#2265=CARTESIAN_POINT('',(-0.0328966726125822,0.0176907335027245,0.004064));
#2266=CARTESIAN_POINT('',(-0.020046915312979,0.0155530369147547,0.004064));
#2267=CARTESIAN_POINT('',(-0.0148140405989042,0.0064555365405691,0.004064));
#2268=CARTESIAN_POINT('',(-8.94344411724595E-7,-0.0047169425811603,0.004064));
#2269=CARTESIAN_POINT('',(0.0155896372922188,-0.0148218937074949,0.004064));
#2270=CARTESIAN_POINT('',(0.0202388276277507,-0.0280600576237786,0.004064));
#2271=CARTESIAN_POINT('',(0.00948218749504664,-0.035303317172848,0.004064));
#2272=CARTESIAN_POINT('',(0.000113731258671935,-0.0289995834628093,0.004064));
#2273=CARTESIAN_POINT('',(-0.00701321436749279,-0.0330664616683391,0.004064));
#2274=CARTESIAN_POINT('',(-0.0122908356173399,-0.0391110218721427,0.004064));
#2275=CARTESIAN_POINT('',(-0.0216829915551233,-0.0366236303305206,0.004064));
#2276=CARTESIAN_POINT('',(-0.0268920869693114,-0.0302422242135474,0.004064));
#2277=CARTESIAN_POINT('',(-0.0247631811020774,-0.0190011075828422,0.004064));
#2278=CARTESIAN_POINT('',(-0.0284210746313035,-0.0148142841750898,0.004064));
#2279=CARTESIAN_POINT('',(-0.0293051403815096,-0.0120718654704879,0.004064));
#2280=CARTESIAN_POINT('',(-0.0317220191884862,-0.00919463167958894,0.004064));
#2281=CARTESIAN_POINT('',(0.0116073805267053,-0.0131784612132921,0.004064));
#2282=CARTESIAN_POINT('',(0.0116049727343218,-0.0131754215783938,0.004064));
#2283=CARTESIAN_POINT('',(0.0121553402656467,-0.0137018485673116,0.004064));
#2284=CARTESIAN_POINT('',(0.0121553402656467,-0.0137018485673116,0.00508));
#2285=CARTESIAN_POINT('',(0.0130792552000534,-0.0146051155929115,0.004064));
#2286=CARTESIAN_POINT('',(0.0130792552000534,-0.0146051155929115,0.00508));
#2287=CARTESIAN_POINT('',(0.0147779397476875,-0.0164725859836629,0.004064));
#2288=CARTESIAN_POINT('',(0.0147779397476875,-0.0164725859836629,0.00508));
#2289=CARTESIAN_POINT('',(0.0167526606863714,-0.0195298513486974,0.004064));
#2290=CARTESIAN_POINT('',(0.0167526606863714,-0.0195298513486974,0.00508));
#2291=CARTESIAN_POINT('',(0.0179712839697355,-0.0226753519216003,0.004064));
#2292=CARTESIAN_POINT('',(0.0179712839697355,-0.0226753519216003,0.00508));
#2293=CARTESIAN_POINT('',(0.0182640413129413,-0.0257330672231164,0.004064));
#2294=CARTESIAN_POINT('',(0.0182640413129413,-0.0257330672231164,0.00508));
#2295=CARTESIAN_POINT('',(0.0174080239020883,-0.028535604994522,0.004064));
#2296=CARTESIAN_POINT('',(0.0174080239020883,-0.028535604994522,0.00508));
#2297=CARTESIAN_POINT('',(0.0154030905302083,-0.0308862138654764,0.004064));
#2298=CARTESIAN_POINT('',(0.0154030905302083,-0.0308862138654764,0.00508));
#2299=CARTESIAN_POINT('',(0.0126952146932225,-0.0325292854693037,0.004064));
#2300=CARTESIAN_POINT('',(0.0126952146932225,-0.0325292854693037,0.00508));
#2301=CARTESIAN_POINT('',(0.00965271618767288,-0.03322204292785,0.004064));
#2302=CARTESIAN_POINT('',(0.00965271618767288,-0.03322204292785,0.00508));
#2303=CARTESIAN_POINT('',(0.00666750287875282,-0.0327084673569112,0.004064));
#2304=CARTESIAN_POINT('',(0.00666750287875282,-0.0327084673569112,0.00508));
#2305=CARTESIAN_POINT('',(0.00377980481067169,-0.0316518321509842,0.004064));
#2306=CARTESIAN_POINT('',(0.00377980481067169,-0.0316518321509842,0.00508));
#2307=CARTESIAN_POINT('',(0.00102684070974242,-0.0306894049025163,0.004064));
#2308=CARTESIAN_POINT('',(0.00102684070974242,-0.0306894049025163,0.00508));
#2309=CARTESIAN_POINT('',(-0.00154893139545866,-0.0305840277439701,0.004064));
#2310=CARTESIAN_POINT('',(-0.00154893139545866,-0.0305840277439701,0.00508));
#2311=CARTESIAN_POINT('',(-0.00393138872693174,-0.031421133674485,0.004064));
#2312=CARTESIAN_POINT('',(-0.00393138872693174,-0.031421133674485,0.00508));
#2313=CARTESIAN_POINT('',(-0.00613072169928554,-0.0328394930255409,0.004064));
#2314=CARTESIAN_POINT('',(-0.00613072169928554,-0.0328394930255409,0.00508));
#2315=CARTESIAN_POINT('',(-0.00812330574459496,-0.0345978833240446,0.004064));
#2316=CARTESIAN_POINT('',(-0.00812330574459496,-0.0345978833240446,0.00508));
#2317=CARTESIAN_POINT('',(-0.0100704847520648,-0.0363178319105066,0.004064));
#2318=CARTESIAN_POINT('',(-0.0100704847520648,-0.0363178319105066,0.00508));
#2319=CARTESIAN_POINT('',(-0.0121886453396049,-0.0376050028780079,0.004064));
#2320=CARTESIAN_POINT('',(-0.0121886453396049,-0.0376050028780079,0.00508));
#2321=CARTESIAN_POINT('',(-0.0147391941132329,-0.0380026495330635,0.004064));
#2322=CARTESIAN_POINT('',(-0.0147391941132329,-0.0380026495330635,0.00508));
#2323=CARTESIAN_POINT('',(-0.0175267515182619,-0.0375730277855593,0.004064));
#2324=CARTESIAN_POINT('',(-0.0175267515182619,-0.0375730277855593,0.00508));
#2325=CARTESIAN_POINT('',(-0.0202309857046786,-0.0365182668074448,0.004064));
#2326=CARTESIAN_POINT('',(-0.0202309857046786,-0.0365182668074448,0.00508));
#2327=CARTESIAN_POINT('',(-0.0225364238041714,-0.0350367016140938,0.004064));
#2328=CARTESIAN_POINT('',(-0.0225364238041714,-0.0350367016140938,0.00508));
#2329=CARTESIAN_POINT('',(-0.0242854729341625,-0.0331451271254018,0.004064));
#2330=CARTESIAN_POINT('',(-0.0242854729341625,-0.0331451271254018,0.00508));
#2331=CARTESIAN_POINT('',(-0.0254304111298191,-0.0307763549123048,0.004064));
#2332=CARTESIAN_POINT('',(-0.0254304111298191,-0.0307763549123048,0.00508));
#2333=CARTESIAN_POINT('',(-0.0258356348633502,-0.0278249757433562,0.004064));
#2334=CARTESIAN_POINT('',(-0.0258356348633502,-0.0278249757433562,0.00508));
#2335=CARTESIAN_POINT('',(-0.025755654544012,-0.0245430724201244,0.004064));
#2336=CARTESIAN_POINT('',(-0.025755654544012,-0.0245430724201244,0.00508));
#2337=CARTESIAN_POINT('',(-0.0256199075271274,-0.0213522955106224,0.004064));
#2338=CARTESIAN_POINT('',(-0.0256199075271274,-0.0213522955106224,0.00508));
#2339=CARTESIAN_POINT('',(-0.0258483155667564,-0.0186623243477784,0.004064));
#2340=CARTESIAN_POINT('',(-0.0258483155667564,-0.0186623243477784,0.00508));
#2341=CARTESIAN_POINT('',(-0.0267397110225812,-0.0167761374456907,0.004064));
#2342=CARTESIAN_POINT('',(-0.0267397110225812,-0.0167761374456907,0.00508));
#2343=CARTESIAN_POINT('',(-0.0278325264590986,-0.0152601293299604,0.004064));
#2344=CARTESIAN_POINT('',(-0.0278325264590986,-0.0152601293299604,0.00508));
#2345=CARTESIAN_POINT('',(-0.0286434639557229,-0.0137496647647006,0.004064));
#2346=CARTESIAN_POINT('',(-0.0286434639557229,-0.0137496647647006,0.00508));
#2347=CARTESIAN_POINT('',(-0.0296449978266608,-0.0118966628610789,0.004064));
#2348=CARTESIAN_POINT('',(-0.0296449978266608,-0.0118966628610789,0.00508));
#2349=CARTESIAN_POINT('',(-0.0308703377349923,-0.010208537155528,0.004064));
#2350=CARTESIAN_POINT('',(-0.0308703377349923,-0.010208537155528,0.00508));
#2351=CARTESIAN_POINT('',(-0.0317220191884862,-0.00919463167958894,0.004064));
#2352=CARTESIAN_POINT('',(-0.0317220191884862,-0.00919463167958894,0.00508));
#2353=CARTESIAN_POINT('',(0.0126761104596018,-0.0142225244384478,0.004064));
#2354=CARTESIAN_POINT('',(0.0126760642794645,-0.0142225170256003,0.004064));
#2355=CARTESIAN_POINT('',(-0.0415833572214512,0.0129510665201283,0.004064));
#2356=CARTESIAN_POINT('',(-0.0387020642753763,0.0145118669598482,0.004064));
#2357=CARTESIAN_POINT('',(-0.0328966726125822,0.0176907335027245,0.004064));
#2358=CARTESIAN_POINT('',(-0.020046915312979,0.0155530369147547,0.004064));
#2359=CARTESIAN_POINT('',(-0.0148140405989042,0.0064555365405691,0.004064));
#2360=CARTESIAN_POINT('',(-8.94344411724595E-7,-0.0047169425811603,0.004064));
#2361=CARTESIAN_POINT('',(0.0155896372922188,-0.0148218937074949,0.004064));
#2362=CARTESIAN_POINT('',(0.0202388276277507,-0.0280600576237786,0.004064));
#2363=CARTESIAN_POINT('',(0.00948218749504664,-0.035303317172848,0.004064));
#2364=CARTESIAN_POINT('',(0.000113731258671935,-0.0289995834628093,0.004064));
#2365=CARTESIAN_POINT('',(-0.00701321436749279,-0.0330664616683391,0.004064));
#2366=CARTESIAN_POINT('',(-0.0122908356173399,-0.0391110218721427,0.004064));
#2367=CARTESIAN_POINT('',(-0.0216829915551233,-0.0366236303305206,0.004064));
#2368=CARTESIAN_POINT('',(-0.0268920869693114,-0.0302422242135474,0.004064));
#2369=CARTESIAN_POINT('',(-0.0247631811020774,-0.0190011075828422,0.004064));
#2370=CARTESIAN_POINT('',(-0.0284210746313035,-0.0148142841750898,0.004064));
#2371=CARTESIAN_POINT('',(-0.0293051403815096,-0.0120718654704879,0.004064));
#2372=CARTESIAN_POINT('',(-0.0317220191884862,-0.00919463167958894,0.004064));
#2373=CARTESIAN_POINT('',(-0.0317220191884862,-0.00919463167958894,0.004064));
#2374=CARTESIAN_POINT('',(-0.0317220191884862,-0.00919463167958894,0.004064));
#2375=CARTESIAN_POINT('',(-0.0317220195263032,-0.00919463144452236,0.00508));
#2376=CARTESIAN_POINT('',(-0.0415833572214512,0.0129510665201283,0.00508));
#2377=CARTESIAN_POINT('',(-0.0387020642753763,0.0145118669598482,0.00508));
#2378=CARTESIAN_POINT('',(-0.0328966726125822,0.0176907335027245,0.00508));
#2379=CARTESIAN_POINT('',(-0.020046915312979,0.0155530369147547,0.00508));
#2380=CARTESIAN_POINT('',(-0.0148140405989042,0.0064555365405691,0.00508));
#2381=CARTESIAN_POINT('',(-8.94344411724595E-7,-0.0047169425811603,0.00508));
#2382=CARTESIAN_POINT('',(0.0155896372922188,-0.0148218937074949,0.00508));
#2383=CARTESIAN_POINT('',(0.0202388276277507,-0.0280600576237786,0.00508));
#2384=CARTESIAN_POINT('',(0.00948218749504664,-0.035303317172848,0.00508));
#2385=CARTESIAN_POINT('',(0.000113731258671935,-0.0289995834628093,0.00508));
#2386=CARTESIAN_POINT('',(-0.00701321436749279,-0.0330664616683391,0.00508));
#2387=CARTESIAN_POINT('',(-0.0122908356173399,-0.0391110218721427,0.00508));
#2388=CARTESIAN_POINT('',(-0.0216829915551233,-0.0366236303305206,0.00508));
#2389=CARTESIAN_POINT('',(-0.0268920869693114,-0.0302422242135474,0.00508));
#2390=CARTESIAN_POINT('',(-0.0247631811020774,-0.0190011075828422,0.00508));
#2391=CARTESIAN_POINT('',(-0.0284210746313035,-0.0148142841750898,0.00508));
#2392=CARTESIAN_POINT('',(-0.0293051403815096,-0.0120718654704879,0.00508));
#2393=CARTESIAN_POINT('',(-0.0317220191884862,-0.00919463167958894,0.00508));
#2394=CARTESIAN_POINT('',(-0.0415833572214512,0.0129510665201283,0.00508));
#2395=CARTESIAN_POINT('',(-0.0387020642753763,0.0145118669598482,0.00508));
#2396=CARTESIAN_POINT('',(-0.0328966726125822,0.0176907335027245,0.00508));
#2397=CARTESIAN_POINT('',(-0.020046915312979,0.0155530369147547,0.00508));
#2398=CARTESIAN_POINT('',(-0.0148140405989042,0.0064555365405691,0.00508));
#2399=CARTESIAN_POINT('',(-8.94344411724595E-7,-0.0047169425811603,0.00508));
#2400=CARTESIAN_POINT('',(0.0155896372922188,-0.0148218937074949,0.00508));
#2401=CARTESIAN_POINT('',(0.0202388276277507,-0.0280600576237786,0.00508));
#2402=CARTESIAN_POINT('',(0.00948218749504664,-0.035303317172848,0.00508));
#2403=CARTESIAN_POINT('',(0.000113731258671935,-0.0289995834628093,0.00508));
#2404=CARTESIAN_POINT('',(-0.00701321436749279,-0.0330664616683391,0.00508));
#2405=CARTESIAN_POINT('',(-0.0122908356173399,-0.0391110218721427,0.00508));
#2406=CARTESIAN_POINT('',(-0.0216829915551233,-0.0366236303305206,0.00508));
#2407=CARTESIAN_POINT('',(-0.0268920869693114,-0.0302422242135474,0.00508));
#2408=CARTESIAN_POINT('',(-0.0247631811020774,-0.0190011075828422,0.00508));
#2409=CARTESIAN_POINT('',(-0.0284210746313035,-0.0148142841750898,0.00508));
#2410=CARTESIAN_POINT('',(-0.0293051403815096,-0.0120718654704879,0.00508));
#2411=CARTESIAN_POINT('',(-0.0317220191884862,-0.00919463167958894,0.00508));
#2412=CARTESIAN_POINT('',(-0.0415833572214512,0.0129510665201283,0.00508));
#2413=CARTESIAN_POINT('',(-0.0387020642753763,0.0145118669598482,0.00508));
#2414=CARTESIAN_POINT('',(-0.0328966726125822,0.0176907335027245,0.00508));
#2415=CARTESIAN_POINT('',(-0.020046915312979,0.0155530369147547,0.00508));
#2416=CARTESIAN_POINT('',(-0.0148140405989042,0.0064555365405691,0.00508));
#2417=CARTESIAN_POINT('',(-8.94344411724595E-7,-0.0047169425811603,0.00508));
#2418=CARTESIAN_POINT('',(0.0155896372922188,-0.0148218937074949,0.00508));
#2419=CARTESIAN_POINT('',(0.0202388276277507,-0.0280600576237786,0.00508));
#2420=CARTESIAN_POINT('',(0.00948218749504664,-0.035303317172848,0.00508));
#2421=CARTESIAN_POINT('',(0.000113731258671935,-0.0289995834628093,0.00508));
#2422=CARTESIAN_POINT('',(-0.00701321436749279,-0.0330664616683391,0.00508));
#2423=CARTESIAN_POINT('',(-0.0122908356173399,-0.0391110218721427,0.00508));
#2424=CARTESIAN_POINT('',(-0.0216829915551233,-0.0366236303305206,0.00508));
#2425=CARTESIAN_POINT('',(-0.0268920869693114,-0.0302422242135474,0.00508));
#2426=CARTESIAN_POINT('',(-0.0247631811020774,-0.0190011075828422,0.00508));
#2427=CARTESIAN_POINT('',(-0.0284210746313035,-0.0148142841750898,0.00508));
#2428=CARTESIAN_POINT('',(-0.0293051403815096,-0.0120718654704879,0.00508));
#2429=CARTESIAN_POINT('',(-0.0317220191884862,-0.00919463167958894,0.00508));
#2430=CARTESIAN_POINT('',(-0.0163823962160102,-0.0377174667736659,0.00508));
#2431=CARTESIAN_POINT('',(-0.0415833572214512,0.0129510665201283,0.00508));
#2432=CARTESIAN_POINT('',(-0.0387020642753763,0.0145118669598482,0.00508));
#2433=CARTESIAN_POINT('',(-0.0328966726125822,0.0176907335027245,0.00508));
#2434=CARTESIAN_POINT('',(-0.020046915312979,0.0155530369147547,0.00508));
#2435=CARTESIAN_POINT('',(-0.0148140405989042,0.0064555365405691,0.00508));
#2436=CARTESIAN_POINT('',(-8.94344411724595E-7,-0.0047169425811603,0.00508));
#2437=CARTESIAN_POINT('',(0.0155896372922188,-0.0148218937074949,0.00508));
#2438=CARTESIAN_POINT('',(0.0202388276277507,-0.0280600576237786,0.00508));
#2439=CARTESIAN_POINT('',(0.00948218749504664,-0.035303317172848,0.00508));
#2440=CARTESIAN_POINT('',(0.000113731258671935,-0.0289995834628093,0.00508));
#2441=CARTESIAN_POINT('',(-0.00701321436749279,-0.0330664616683391,0.00508));
#2442=CARTESIAN_POINT('',(-0.0122908356173399,-0.0391110218721427,0.00508));
#2443=CARTESIAN_POINT('',(-0.0216829915551233,-0.0366236303305206,0.00508));
#2444=CARTESIAN_POINT('',(-0.0268920869693114,-0.0302422242135474,0.00508));
#2445=CARTESIAN_POINT('',(-0.0247631811020774,-0.0190011075828422,0.00508));
#2446=CARTESIAN_POINT('',(-0.0284210746313035,-0.0148142841750898,0.00508));
#2447=CARTESIAN_POINT('',(-0.0293051403815096,-0.0120718654704879,0.00508));
#2448=CARTESIAN_POINT('',(-0.0317220191884862,-0.00919463167958894,0.00508));
#2449=CARTESIAN_POINT('',(-0.0415833572214512,0.0129510665201283,0.00508));
#2450=CARTESIAN_POINT('',(-0.0387020642753763,0.0145118669598482,0.00508));
#2451=CARTESIAN_POINT('',(-0.0328966726125822,0.0176907335027245,0.00508));
#2452=CARTESIAN_POINT('',(-0.020046915312979,0.0155530369147547,0.00508));
#2453=CARTESIAN_POINT('',(-0.0148140405989042,0.0064555365405691,0.00508));
#2454=CARTESIAN_POINT('',(-8.94344411724595E-7,-0.0047169425811603,0.00508));
#2455=CARTESIAN_POINT('',(0.0155896372922188,-0.0148218937074949,0.00508));
#2456=CARTESIAN_POINT('',(0.0202388276277507,-0.0280600576237786,0.00508));
#2457=CARTESIAN_POINT('',(0.00948218749504664,-0.035303317172848,0.00508));
#2458=CARTESIAN_POINT('',(0.000113731258671935,-0.0289995834628093,0.00508));
#2459=CARTESIAN_POINT('',(-0.00701321436749279,-0.0330664616683391,0.00508));
#2460=CARTESIAN_POINT('',(-0.0122908356173399,-0.0391110218721427,0.00508));
#2461=CARTESIAN_POINT('',(-0.0216829915551233,-0.0366236303305206,0.00508));
#2462=CARTESIAN_POINT('',(-0.0268920869693114,-0.0302422242135474,0.00508));
#2463=CARTESIAN_POINT('',(-0.0247631811020774,-0.0190011075828422,0.00508));
#2464=CARTESIAN_POINT('',(-0.0284210746313035,-0.0148142841750898,0.00508));
#2465=CARTESIAN_POINT('',(-0.0293051403815096,-0.0120718654704879,0.00508));
#2466=CARTESIAN_POINT('',(-0.0317220191884862,-0.00919463167958894,0.00508));
#2467=CARTESIAN_POINT('',(-0.0415833572214512,0.0129510665201283,0.00508));
#2468=CARTESIAN_POINT('',(-0.0387020642753763,0.0145118669598482,0.00508));
#2469=CARTESIAN_POINT('',(-0.0328966726125822,0.0176907335027245,0.00508));
#2470=CARTESIAN_POINT('',(-0.020046915312979,0.0155530369147547,0.00508));
#2471=CARTESIAN_POINT('',(-0.0148140405989042,0.0064555365405691,0.00508));
#2472=CARTESIAN_POINT('',(-8.94344411724595E-7,-0.0047169425811603,0.00508));
#2473=CARTESIAN_POINT('',(0.0155896372922188,-0.0148218937074949,0.00508));
#2474=CARTESIAN_POINT('',(0.0202388276277507,-0.0280600576237786,0.00508));
#2475=CARTESIAN_POINT('',(0.00948218749504664,-0.035303317172848,0.00508));
#2476=CARTESIAN_POINT('',(0.000113731258671935,-0.0289995834628093,0.00508));
#2477=CARTESIAN_POINT('',(-0.00701321436749279,-0.0330664616683391,0.00508));
#2478=CARTESIAN_POINT('',(-0.0122908356173399,-0.0391110218721427,0.00508));
#2479=CARTESIAN_POINT('',(-0.0216829915551233,-0.0366236303305206,0.00508));
#2480=CARTESIAN_POINT('',(-0.0268920869693114,-0.0302422242135474,0.00508));
#2481=CARTESIAN_POINT('',(-0.0247631811020774,-0.0190011075828422,0.00508));
#2482=CARTESIAN_POINT('',(-0.0284210746313035,-0.0148142841750898,0.00508));
#2483=CARTESIAN_POINT('',(-0.0293051403815096,-0.0120718654704879,0.00508));
#2484=CARTESIAN_POINT('',(-0.0317220191884862,-0.00919463167958894,0.00508));
#2485=CARTESIAN_POINT('',(0.00854772275111337,-0.0329772420222893,0.00508));
#2486=CARTESIAN_POINT('',(-0.0415833572214512,0.0129510665201283,0.00508));
#2487=CARTESIAN_POINT('',(-0.0387020642753763,0.0145118669598482,0.00508));
#2488=CARTESIAN_POINT('',(-0.0328966726125822,0.0176907335027245,0.00508));
#2489=CARTESIAN_POINT('',(-0.020046915312979,0.0155530369147547,0.00508));
#2490=CARTESIAN_POINT('',(-0.0148140405989042,0.0064555365405691,0.00508));
#2491=CARTESIAN_POINT('',(-8.94344411724595E-7,-0.0047169425811603,0.00508));
#2492=CARTESIAN_POINT('',(0.0155896372922188,-0.0148218937074949,0.00508));
#2493=CARTESIAN_POINT('',(0.0202388276277507,-0.0280600576237786,0.00508));
#2494=CARTESIAN_POINT('',(0.00948218749504664,-0.035303317172848,0.00508));
#2495=CARTESIAN_POINT('',(0.000113731258671935,-0.0289995834628093,0.00508));
#2496=CARTESIAN_POINT('',(-0.00701321436749279,-0.0330664616683391,0.00508));
#2497=CARTESIAN_POINT('',(-0.0122908356173399,-0.0391110218721427,0.00508));
#2498=CARTESIAN_POINT('',(-0.0216829915551233,-0.0366236303305206,0.00508));
#2499=CARTESIAN_POINT('',(-0.0268920869693114,-0.0302422242135474,0.00508));
#2500=CARTESIAN_POINT('',(-0.0247631811020774,-0.0190011075828422,0.00508));
#2501=CARTESIAN_POINT('',(-0.0284210746313035,-0.0148142841750898,0.00508));
#2502=CARTESIAN_POINT('',(-0.0293051403815096,-0.0120718654704879,0.00508));
#2503=CARTESIAN_POINT('',(-0.0317220191884862,-0.00919463167958894,0.00508));
#2504=CARTESIAN_POINT('',(0.0128988757711127,-0.0322611244284012,0.00508));
#2505=CARTESIAN_POINT('',(-0.0415833572214512,0.0129510665201283,0.00508));
#2506=CARTESIAN_POINT('',(-0.0387020642753763,0.0145118669598482,0.00508));
#2507=CARTESIAN_POINT('',(-0.0328966726125822,0.0176907335027245,0.00508));
#2508=CARTESIAN_POINT('',(-0.020046915312979,0.0155530369147547,0.00508));
#2509=CARTESIAN_POINT('',(-0.0148140405989042,0.0064555365405691,0.00508));
#2510=CARTESIAN_POINT('',(-8.94344411724595E-7,-0.0047169425811603,0.00508));
#2511=CARTESIAN_POINT('',(0.0155896372922188,-0.0148218937074949,0.00508));
#2512=CARTESIAN_POINT('',(0.0202388276277507,-0.0280600576237786,0.00508));
#2513=CARTESIAN_POINT('',(0.00948218749504664,-0.035303317172848,0.00508));
#2514=CARTESIAN_POINT('',(0.000113731258671935,-0.0289995834628093,0.00508));
#2515=CARTESIAN_POINT('',(-0.00701321436749279,-0.0330664616683391,0.00508));
#2516=CARTESIAN_POINT('',(-0.0122908356173399,-0.0391110218721427,0.00508));
#2517=CARTESIAN_POINT('',(-0.0216829915551233,-0.0366236303305206,0.00508));
#2518=CARTESIAN_POINT('',(-0.0268920869693114,-0.0302422242135474,0.00508));
#2519=CARTESIAN_POINT('',(-0.0247631811020774,-0.0190011075828422,0.00508));
#2520=CARTESIAN_POINT('',(-0.0284210746313035,-0.0148142841750898,0.00508));
#2521=CARTESIAN_POINT('',(-0.0293051403815096,-0.0120718654704879,0.00508));
#2522=CARTESIAN_POINT('',(-0.0317220191884862,-0.00919463167958894,0.00508));
#2523=CARTESIAN_POINT('',(-0.00780181966423988,-0.00459555156826972,0.00508));
#2524=CARTESIAN_POINT('',(0.0126761104596018,-0.0142225244384478,0.00508));
#2525=CARTESIAN_POINT('',(0.0136236982175689,-0.014374541756056,0.00508));
#2526=CARTESIAN_POINT('',(0.017098534903027,-0.0134182009908326,0.00508));
#2527=CARTESIAN_POINT('',(0.0189804094946045,-0.0133115209292577,0.00508));
#2528=CARTESIAN_POINT('',(0.0127655329374423,-0.00834276092194858,0.00508));
#2529=CARTESIAN_POINT('',(0.014023589434152,-0.00801771345720514,0.00508));
#2530=CARTESIAN_POINT('',(0.0203168283571835,-0.00400010692590992,0.00508));
#2531=CARTESIAN_POINT('',(0.0219166224781436,-0.00412496004407919,0.00508));
#2532=CARTESIAN_POINT('',(0.0132669626595551,0.00384671317519786,0.00508));
#2533=CARTESIAN_POINT('',(0.0152713112136136,0.00410103111623481,0.00508));
#2534=CARTESIAN_POINT('',(0.0246768291711279,0.0116920120972438,0.00508));
#2535=CARTESIAN_POINT('',(0.0266652852377804,0.0115947078613443,0.00508));
#2536=CARTESIAN_POINT('',(0.0223598026493349,0.0170897890337791,0.00508));
#2537=CARTESIAN_POINT('',(0.0199395297394955,0.016526869284329,0.00508));
#2538=CARTESIAN_POINT('',(0.0294339360375247,0.0266665922837245,0.00508));
#2539=CARTESIAN_POINT('',(0.0307972686686747,0.0279707503211353,0.00508));
#2540=CARTESIAN_POINT('',(0.0156469789245103,0.0344636537291647,0.00508));
#2541=CARTESIAN_POINT('',(0.0153292295533585,0.0352665044087846,0.00508));
#2542=CARTESIAN_POINT('',(0.00657233543247574,0.0150316638788082,0.00508));
#2543=CARTESIAN_POINT('',(0.00648578626223168,0.0144880668825265,0.00508));
#2544=CARTESIAN_POINT('',(0.0144446228966355,0.0105929491603873,0.00508));
#2545=CARTESIAN_POINT('',(0.0154991998104737,0.0106887955233158,0.00508));
#2546=CARTESIAN_POINT('',(0.00810098793844089,0.0050186740334544,0.00508));
#2547=CARTESIAN_POINT('',(0.00639831404133571,0.00577700977761216,0.00508));
#2548=CARTESIAN_POINT('',(0.0130995279510112,-0.00342183453614806,0.00508));
#2549=CARTESIAN_POINT('',(0.0145561877644546,-0.00324531891577123,0.00508));
#2550=CARTESIAN_POINT('',(0.00410647730877341,-0.00833839111739477,0.00508));
#2551=CARTESIAN_POINT('',(0.00636820476344649,-0.00838838290789892,0.00508));
#2552=CARTESIAN_POINT('',(0.0119745697104407,-0.0130111116042617,0.00508));
#2553=CARTESIAN_POINT('',(0.0121414530506058,-0.0141367517124163,0.00508));
#2554=CARTESIAN_POINT('',(0.0126761104596018,-0.0142225244384478,0.00508));
#2555=CARTESIAN_POINT('',(-0.00780181966423988,-0.00459555156826972,0.00508));
#2556=CARTESIAN_POINT('',(0.00733758371192719,-0.0327779239117628,0.00508));
#2557=CARTESIAN_POINT('',(0.0068931998106874,-0.033256540193649,0.00508));
#2558=CARTESIAN_POINT('',(0.00924715747551357,-0.0386250741696128,0.00508));
#2559=CARTESIAN_POINT('',(0.014263009989596,-0.0423484180760906,0.00508));
#2560=CARTESIAN_POINT('',(0.0130272762487488,-0.0397151385297653,0.00508));
#2561=CARTESIAN_POINT('',(0.0150029677397429,-0.0423562493826856,0.00508));
#2562=CARTESIAN_POINT('',(0.0167390068560405,-0.0429025239828667,0.00508));
#2563=CARTESIAN_POINT('',(0.0166029230830052,-0.0416712982087741,0.00508));
#2564=CARTESIAN_POINT('',(0.0149987933684635,-0.0385702097859701,0.00508));
#2565=CARTESIAN_POINT('',(0.0166136020675009,-0.0409879949683801,0.00508));
#2566=CARTESIAN_POINT('',(0.0171976229100331,-0.0384071439650654,0.00508));
#2567=CARTESIAN_POINT('',(0.0156732640775795,-0.0366105512793807,0.00508));
#2568=CARTESIAN_POINT('',(0.0141497804403197,-0.0306442912651103,0.00508));
#2569=CARTESIAN_POINT('',(0.0125593397120376,-0.03294157408744,0.00508));
#2570=CARTESIAN_POINT('',(0.00942439584937521,-0.0336429595726265,0.00508));
#2571=CARTESIAN_POINT('',(0.0075894546038494,-0.0325066505612412,0.00508));
#2572=CARTESIAN_POINT('',(0.00733758371192719,-0.0327779239117628,0.00508));
#2573=CARTESIAN_POINT('',(-0.0253477884454895,0.0160713672296465,0.004064));
#2574=CARTESIAN_POINT('',(-0.0253477884454895,0.0160713672296465,0.00508));
#2575=CARTESIAN_POINT('',(-0.024306216104071,0.0158132604000671,0.004064));
#2576=CARTESIAN_POINT('',(-0.024306216104071,0.0158132604000671,0.00508));
#2577=CARTESIAN_POINT('',(-0.0233084092134873,0.0154705311085595,0.004064));
#2578=CARTESIAN_POINT('',(-0.0233084092134873,0.0154705311085595,0.00508));
#2579=CARTESIAN_POINT('',(-0.0223995196278538,0.0150464442756302,0.004064));
#2580=CARTESIAN_POINT('',(-0.0223995196278538,0.0150464442756302,0.00508));
#2581=CARTESIAN_POINT('',(-0.0415833572214512,0.0129510665201283,0.004064));
#2582=CARTESIAN_POINT('',(-0.0387020642753763,0.0145118669598482,0.004064));
#2583=CARTESIAN_POINT('',(-0.0328966726125822,0.0176907335027245,0.004064));
#2584=CARTESIAN_POINT('',(-0.020046915312979,0.0155530369147547,0.004064));
#2585=CARTESIAN_POINT('',(-0.0148140405989042,0.0064555365405691,0.004064));
#2586=CARTESIAN_POINT('',(-8.94344411724595E-7,-0.0047169425811603,0.004064));
#2587=CARTESIAN_POINT('',(0.0155896372922188,-0.0148218937074949,0.004064));
#2588=CARTESIAN_POINT('',(0.0202388276277507,-0.0280600576237786,0.004064));
#2589=CARTESIAN_POINT('',(0.00948218749504664,-0.035303317172848,0.004064));
#2590=CARTESIAN_POINT('',(0.000113731258671935,-0.0289995834628093,0.004064));
#2591=CARTESIAN_POINT('',(-0.00701321436749279,-0.0330664616683391,0.004064));
#2592=CARTESIAN_POINT('',(-0.0122908356173399,-0.0391110218721427,0.004064));
#2593=CARTESIAN_POINT('',(-0.0216829915551233,-0.0366236303305206,0.004064));
#2594=CARTESIAN_POINT('',(-0.0268920869693114,-0.0302422242135474,0.004064));
#2595=CARTESIAN_POINT('',(-0.0247631811020774,-0.0190011075828422,0.004064));
#2596=CARTESIAN_POINT('',(-0.0284210746313035,-0.0148142841750898,0.004064));
#2597=CARTESIAN_POINT('',(-0.0293051403815096,-0.0120718654704879,0.004064));
#2598=CARTESIAN_POINT('',(-0.0317220191884862,-0.00919463167958894,0.004064));
#2599=CARTESIAN_POINT('',(-0.0253474015259924,0.0160728252567449,0.004064));
#2600=CARTESIAN_POINT('',(-0.0223995196278554,0.0150464442756308,0.006604));
#2601=CARTESIAN_POINT('',(-0.0415833572214512,0.0129510665201283,0.00508));
#2602=CARTESIAN_POINT('',(-0.0387020642753763,0.0145118669598482,0.00508));
#2603=CARTESIAN_POINT('',(-0.0328966726125822,0.0176907335027245,0.00508));
#2604=CARTESIAN_POINT('',(-0.020046915312979,0.0155530369147547,0.00508));
#2605=CARTESIAN_POINT('',(-0.0148140405989042,0.0064555365405691,0.00508));
#2606=CARTESIAN_POINT('',(-8.94344411724595E-7,-0.0047169425811603,0.00508));
#2607=CARTESIAN_POINT('',(0.0155896372922188,-0.0148218937074949,0.00508));
#2608=CARTESIAN_POINT('',(0.0202388276277507,-0.0280600576237786,0.00508));
#2609=CARTESIAN_POINT('',(0.00948218749504664,-0.035303317172848,0.00508));
#2610=CARTESIAN_POINT('',(0.000113731258671935,-0.0289995834628093,0.00508));
#2611=CARTESIAN_POINT('',(-0.00701321436749279,-0.0330664616683391,0.00508));
#2612=CARTESIAN_POINT('',(-0.0122908356173399,-0.0391110218721427,0.00508));
#2613=CARTESIAN_POINT('',(-0.0216829915551233,-0.0366236303305206,0.00508));
#2614=CARTESIAN_POINT('',(-0.0268920869693114,-0.0302422242135474,0.00508));
#2615=CARTESIAN_POINT('',(-0.0247631811020774,-0.0190011075828422,0.00508));
#2616=CARTESIAN_POINT('',(-0.0284210746313035,-0.0148142841750898,0.00508));
#2617=CARTESIAN_POINT('',(-0.0293051403815096,-0.0120718654704879,0.00508));
#2618=CARTESIAN_POINT('',(-0.0317220191884862,-0.00919463167958894,0.00508));
#2619=CARTESIAN_POINT('',(-0.0253477884723205,0.0160713672362954,0.00508));
#2620=CARTESIAN_POINT('',(-0.0253477884723209,0.0160713672362934,0.006604));
#2621=CARTESIAN_POINT('',(-0.00780181966423988,-0.00459555156826972,0.00508));
#2622=CARTESIAN_POINT('',(-0.0223482995625087,0.0150112855723726,0.00508));
#2623=CARTESIAN_POINT('',(-0.0223651331667401,0.0150233367208547,0.00508));
#2624=CARTESIAN_POINT('',(-0.0223819667709713,0.0150353878693368,0.00508));
#2625=CARTESIAN_POINT('',(-0.0223988003752027,0.0150474390178189,0.00508));
#2626=CARTESIAN_POINT('',(-0.0232214635800821,0.0156363821993588,0.00508));
#2627=CARTESIAN_POINT('',(-0.0255205426058832,0.0160533599531832,0.00508));
#2628=CARTESIAN_POINT('',(-0.0273129742416235,0.0165849951488375,0.00508));
#2629=CARTESIAN_POINT('',(-0.0287143814684221,0.0166002491228108,0.00508));
#2630=CARTESIAN_POINT('',(-0.0257594361871428,0.0161684747042715,0.00508));
#2631=CARTESIAN_POINT('',(-0.0415833572214512,0.0129510665201283,0.00508));
#2632=CARTESIAN_POINT('',(-0.0387020642753763,0.0145118669598482,0.00508));
#2633=CARTESIAN_POINT('',(-0.0328966726125822,0.0176907335027245,0.00508));
#2634=CARTESIAN_POINT('',(-0.020046915312979,0.0155530369147547,0.00508));
#2635=CARTESIAN_POINT('',(-0.0148140405989042,0.0064555365405691,0.00508));
#2636=CARTESIAN_POINT('',(-8.94344411724595E-7,-0.0047169425811603,0.00508));
#2637=CARTESIAN_POINT('',(0.0155896372922188,-0.0148218937074949,0.00508));
#2638=CARTESIAN_POINT('',(0.0202388276277507,-0.0280600576237786,0.00508));
#2639=CARTESIAN_POINT('',(0.00948218749504664,-0.035303317172848,0.00508));
#2640=CARTESIAN_POINT('',(0.000113731258671935,-0.0289995834628093,0.00508));
#2641=CARTESIAN_POINT('',(-0.00701321436749279,-0.0330664616683391,0.00508));
#2642=CARTESIAN_POINT('',(-0.0122908356173399,-0.0391110218721427,0.00508));
#2643=CARTESIAN_POINT('',(-0.0216829915551233,-0.0366236303305206,0.00508));
#2644=CARTESIAN_POINT('',(-0.0268920869693114,-0.0302422242135474,0.00508));
#2645=CARTESIAN_POINT('',(-0.0247631811020774,-0.0190011075828422,0.00508));
#2646=CARTESIAN_POINT('',(-0.0284210746313035,-0.0148142841750898,0.00508));
#2647=CARTESIAN_POINT('',(-0.0293051403815096,-0.0120718654704879,0.00508));
#2648=CARTESIAN_POINT('',(-0.0317220191884862,-0.00919463167958894,0.00508));
#2649=CARTESIAN_POINT('',(-0.00780181966423988,-0.00459555156826972,0.00508));
#2650=CARTESIAN_POINT('',(-0.0415833572214512,0.0129510665201283,0.00508));
#2651=CARTESIAN_POINT('',(-0.0439094175579798,0.0112772544644159,0.00508));
#2652=CARTESIAN_POINT('',(-0.0480311808731391,0.0082358970503433,0.00508));
#2653=CARTESIAN_POINT('',(-0.0498512706450767,-0.000423345347061085,0.00508));
#2654=CARTESIAN_POINT('',(-0.043858319417088,-0.00850935782327711,0.00508));
#2655=CARTESIAN_POINT('',(-0.0318549302016432,-0.00836799936339456,0.00508));
#2656=CARTESIAN_POINT('',(-0.0330334933177906,-0.00838187876561861,0.00508));
#2657=CARTESIAN_POINT('',(-0.0317220191884862,-0.00919463167958894,0.00508));
#2658=CARTESIAN_POINT('',(-0.0468497864239139,0.00826359342673781,0.00508));
#2659=CARTESIAN_POINT('',(-0.0464125969157125,0.00953229225694333,0.00508));
#2660=CARTESIAN_POINT('',(-0.0439136196127897,0.0117142025310765,0.00508));
#2661=CARTESIAN_POINT('',(-0.0427429376790063,0.0121078042718418,0.00508));
#2662=CARTESIAN_POINT('',(-0.00780181966423988,-0.00459555156826972,0.00508));
#2663=CARTESIAN_POINT('',(-0.0223482995625087,0.0150112855723726,0.00508));
#2664=CARTESIAN_POINT('',(-0.0223651331667401,0.0150233367208547,0.00508));
#2665=CARTESIAN_POINT('',(-0.0223819667709713,0.0150353878693368,0.00508));
#2666=CARTESIAN_POINT('',(-0.0223988003752027,0.0150474390178189,0.00508));
#2667=CARTESIAN_POINT('',(-0.0232214635800821,0.0156363821993588,0.00508));
#2668=CARTESIAN_POINT('',(-0.0255205426058832,0.0160533599531832,0.00508));
#2669=CARTESIAN_POINT('',(-0.0273129742416235,0.0165849951488375,0.00508));
#2670=CARTESIAN_POINT('',(-0.0287143814684221,0.0166002491228108,0.00508));
#2671=CARTESIAN_POINT('',(0.0366481803357601,-0.00459555156826972,0.00508));
#2672=CARTESIAN_POINT('',(0.0366481803357601,-0.00459555156826972,0.));
#2673=CARTESIAN_POINT('',(0.0366481803357601,0.0144544484317303,0.));
#2674=CARTESIAN_POINT('',(0.0366481803357601,-0.0236455515682697,0.));
#2675=CARTESIAN_POINT('',(0.0366481803357601,0.0144544484317303,0.00508));
#2676=CARTESIAN_POINT('',(0.0366481803357601,-0.0236455515682697,0.00508));
#2677=CARTESIAN_POINT('',(0.0112481803357601,0.0144544484317303,0.00508));
#2678=CARTESIAN_POINT('',(0.0112481803357601,0.0144544484317303,0.));
#2679=CARTESIAN_POINT('',(0.0112481803357601,0.0398544484317303,0.));
#2680=CARTESIAN_POINT('',(0.0112481803357601,0.0398544484317303,0.00508));
#2681=CARTESIAN_POINT('',(-0.00780181966423989,0.0398544484317303,0.00508));
#2682=CARTESIAN_POINT('',(-0.00780181966423989,0.0398544484317303,0.));
#2683=CARTESIAN_POINT('',(-0.0268518196642399,0.0398544484317303,0.));
#2684=CARTESIAN_POINT('',(-0.0268518196642399,0.0398544484317303,0.00508));
#2685=CARTESIAN_POINT('',(-0.0268518196642399,0.0144544484317303,0.00508));
#2686=CARTESIAN_POINT('',(-0.0268518196642399,0.0144544484317303,0.));
#2687=CARTESIAN_POINT('',(-0.0522518196642399,0.0144544484317303,0.));
#2688=CARTESIAN_POINT('',(-0.0522518196642399,0.0144544484317303,0.00508));
#2689=CARTESIAN_POINT('',(-0.0522518196642399,-0.00459555156826972,0.00508));
#2690=CARTESIAN_POINT('',(-0.0522518196642399,-0.00459555156826972,0.));
#2691=CARTESIAN_POINT('',(-0.0522518196642399,-0.0236455515682697,0.));
#2692=CARTESIAN_POINT('',(-0.0522518196642399,-0.0236455515682697,0.00508));
#2693=CARTESIAN_POINT('',(-0.0268518196642398,-0.0236455515682697,0.00508));
#2694=CARTESIAN_POINT('',(-0.0268518196642398,-0.0236455515682697,0.));
#2695=CARTESIAN_POINT('',(-0.0268518196642398,-0.0490455515682697,0.));
#2696=CARTESIAN_POINT('',(-0.0268518196642398,-0.0490455515682697,0.00508));
#2697=CARTESIAN_POINT('',(-0.00780181966423989,-0.0490455515682697,0.00508));
#2698=CARTESIAN_POINT('',(-0.00780181966423989,-0.0490455515682697,0.));
#2699=CARTESIAN_POINT('',(0.0112481803357601,-0.0490455515682697,0.));
#2700=CARTESIAN_POINT('',(0.0112481803357601,-0.0490455515682697,0.00508));
#2701=CARTESIAN_POINT('',(0.0112481803357601,-0.0236455515682697,0.00508));
#2702=CARTESIAN_POINT('',(0.0112481803357601,-0.0236455515682697,0.));
#2703=CARTESIAN_POINT('',(-0.00780181966423988,-0.00459555156826972,0.));
#2704=CARTESIAN_POINT('',(-0.0415833572214512,0.0129510665201283,0.004064));
#2705=CARTESIAN_POINT('',(-0.0415833572214512,0.0129510665201283,0.00508));
#2706=CARTESIAN_POINT('',(-0.0404196953704159,0.013581423780835,0.004064));
#2707=CARTESIAN_POINT('',(-0.0404196953704159,0.013581423780835,0.00508));
#2708=CARTESIAN_POINT('',(-0.0381221044386107,0.0148312616449139,0.004064));
#2709=CARTESIAN_POINT('',(-0.0381221044386107,0.0148312616449139,0.00508));
#2710=CARTESIAN_POINT('',(-0.0350778013237925,0.0160262700559187,0.004064));
#2711=CARTESIAN_POINT('',(-0.0350778013237925,0.0160262700559187,0.00508));
#2712=CARTESIAN_POINT('',(-0.0323889556676035,0.0165569163006546,0.004064));
#2713=CARTESIAN_POINT('',(-0.0323889556676035,0.0165569163006546,0.00508));
#2714=CARTESIAN_POINT('',(-0.0294867614318888,0.0167382223666151,0.004064));
#2715=CARTESIAN_POINT('',(-0.0294867614318888,0.0167382223666151,0.00508));
#2716=CARTESIAN_POINT('',(-0.0272074739104833,0.016493059737413,0.004064));
#2717=CARTESIAN_POINT('',(-0.0272074739104833,0.016493059737413,0.00508));
#2718=CARTESIAN_POINT('',(-0.0257594361652254,0.0161684746993586,0.004064));
#2719=CARTESIAN_POINT('',(-0.0257594361652254,0.0161684746993586,0.00508));
#2720=CARTESIAN_POINT('',(-0.0415833572214512,0.0129510665201283,0.004064));
#2721=CARTESIAN_POINT('',(-0.0387020642753763,0.0145118669598482,0.004064));
#2722=CARTESIAN_POINT('',(-0.0328966726125822,0.0176907335027245,0.004064));
#2723=CARTESIAN_POINT('',(-0.020046915312979,0.0155530369147547,0.004064));
#2724=CARTESIAN_POINT('',(-0.0148140405989042,0.0064555365405691,0.004064));
#2725=CARTESIAN_POINT('',(-8.94344411724595E-7,-0.0047169425811603,0.004064));
#2726=CARTESIAN_POINT('',(0.0155896372922188,-0.0148218937074949,0.004064));
#2727=CARTESIAN_POINT('',(0.0202388276277507,-0.0280600576237786,0.004064));
#2728=CARTESIAN_POINT('',(0.00948218749504664,-0.035303317172848,0.004064));
#2729=CARTESIAN_POINT('',(0.000113731258671935,-0.0289995834628093,0.004064));
#2730=CARTESIAN_POINT('',(-0.00701321436749279,-0.0330664616683391,0.004064));
#2731=CARTESIAN_POINT('',(-0.0122908356173399,-0.0391110218721427,0.004064));
#2732=CARTESIAN_POINT('',(-0.0216829915551233,-0.0366236303305206,0.004064));
#2733=CARTESIAN_POINT('',(-0.0268920869693114,-0.0302422242135474,0.004064));
#2734=CARTESIAN_POINT('',(-0.0247631811020774,-0.0190011075828422,0.004064));
#2735=CARTESIAN_POINT('',(-0.0284210746313035,-0.0148142841750898,0.004064));
#2736=CARTESIAN_POINT('',(-0.0293051403815096,-0.0120718654704879,0.004064));
#2737=CARTESIAN_POINT('',(-0.0317220191884862,-0.00919463167958894,0.004064));
#2738=CARTESIAN_POINT('',(-0.0415833572214512,0.0129510665201283,0.004064));
#2739=CARTESIAN_POINT('',(-0.0257591252110425,0.0161698816843924,0.004064));
#2740=CARTESIAN_POINT('',(-0.0257594361871428,0.0161684747042715,0.006604));
#2741=CARTESIAN_POINT('',(-0.0415833572214512,0.0129510665201283,0.004064));
#2742=CARTESIAN_POINT('',(-0.0415833572214512,0.0129510665201283,0.004064));
#2743=CARTESIAN_POINT('',(-0.0415833572214512,0.0129510665201283,0.00508));
#2744=CARTESIAN_POINT('',(-0.0429286398932262,0.0119830132332052,0.004064));
#2745=CARTESIAN_POINT('',(-0.0429286398932262,0.0119830132332052,0.00508));
#2746=CARTESIAN_POINT('',(-0.0448186314166284,0.0106018597366658,0.004064));
#2747=CARTESIAN_POINT('',(-0.0448186314166284,0.0106018597366658,0.00508));
#2748=CARTESIAN_POINT('',(-0.0467992962269615,0.00845737587106027,0.004064));
#2749=CARTESIAN_POINT('',(-0.0467992962269615,0.00845737587106027,0.00508));
#2750=CARTESIAN_POINT('',(-0.0483234045149433,0.00592617926922598,0.004064));
#2751=CARTESIAN_POINT('',(-0.0483234045149433,0.00592617926922598,0.00508));
#2752=CARTESIAN_POINT('',(-0.0492142036112033,0.00208502889431535,0.004064));
#2753=CARTESIAN_POINT('',(-0.0492142036112033,0.00208502889431535,0.00508));
#2754=CARTESIAN_POINT('',(-0.0482827361452833,-0.00187864823410679,0.004064));
#2755=CARTESIAN_POINT('',(-0.0482827361452833,-0.00187864823410679,0.00508));
#2756=CARTESIAN_POINT('',(-0.0463122524463936,-0.00462021186553879,0.004064));
#2757=CARTESIAN_POINT('',(-0.0463122524463936,-0.00462021186553879,0.00508));
#2758=CARTESIAN_POINT('',(-0.0442430723311704,-0.00631935116959861,0.004064));
#2759=CARTESIAN_POINT('',(-0.0442430723311704,-0.00631935116959861,0.00508));
#2760=CARTESIAN_POINT('',(-0.0415305868933409,-0.00750274690594086,0.004064));
#2761=CARTESIAN_POINT('',(-0.0415305868933409,-0.00750274690594086,0.00508));
#2762=CARTESIAN_POINT('',(-0.0383580117980438,-0.0081205105854771,0.004064));
#2763=CARTESIAN_POINT('',(-0.0383580117980438,-0.0081205105854771,0.00508));
#2764=CARTESIAN_POINT('',(-0.0358999316801333,-0.0083257469891067,0.004064));
#2765=CARTESIAN_POINT('',(-0.0358999316801333,-0.0083257469891067,0.00508));
#2766=CARTESIAN_POINT('',(-0.0343445777170866,-0.00838017910894166,0.004064));
#2767=CARTESIAN_POINT('',(-0.0343445777170866,-0.00838017910894166,0.00508));
#2768=CARTESIAN_POINT('',(-0.0334606419839271,-0.00838754882983875,0.004064));
#2769=CARTESIAN_POINT('',(-0.0334606419839271,-0.00838754882983875,0.00508));
#2770=CARTESIAN_POINT('',(-0.0329429224764087,-0.00837966928598916,0.004064));
#2771=CARTESIAN_POINT('',(-0.0329429224764087,-0.00837966928598916,0.00508));
#2772=CARTESIAN_POINT('',(-0.0328425792280709,-0.00838361197216969,0.004064));
#2773=CARTESIAN_POINT('',(-0.0328425792280709,-0.00838361197216969,0.00508));
#2774=CARTESIAN_POINT('',(-0.032653854949548,-0.00857151294231466,0.004064));
#2775=CARTESIAN_POINT('',(-0.032653854949548,-0.00857151294231466,0.00508));
#2776=CARTESIAN_POINT('',(-0.032149753914004,-0.00892955390428025,0.004064));
#2777=CARTESIAN_POINT('',(-0.032149753914004,-0.00892955390428025,0.00508));
#2778=CARTESIAN_POINT('',(-0.0317220191884862,-0.00919463167958894,0.004064));
#2779=CARTESIAN_POINT('',(-0.0317220191884862,-0.00919463167958894,0.00508));
#2780=CARTESIAN_POINT('',(-0.0415833572214512,0.0129510665201283,0.00508));
#2781=CARTESIAN_POINT('',(-0.0439094175579798,0.0112772544644159,0.00508));
#2782=CARTESIAN_POINT('',(-0.0480311808731391,0.0082358970503433,0.00508));
#2783=CARTESIAN_POINT('',(-0.0498512706450767,-0.000423345347061085,0.00508));
#2784=CARTESIAN_POINT('',(-0.043858319417088,-0.00850935782327711,0.00508));
#2785=CARTESIAN_POINT('',(-0.0318549302016432,-0.00836799936339456,0.00508));
#2786=CARTESIAN_POINT('',(-0.0330334933177906,-0.00838187876561861,0.00508));
#2787=CARTESIAN_POINT('',(-0.0317220191884862,-0.00919463167958894,0.00508));
#2788=CARTESIAN_POINT('',(-0.0415833572214512,0.0129510665201283,0.00508));
#2789=CARTESIAN_POINT('',(-0.0439094175579798,0.0112772544644159,0.00508));
#2790=CARTESIAN_POINT('',(-0.0480311808731391,0.0082358970503433,0.00508));
#2791=CARTESIAN_POINT('',(-0.0498512706450767,-0.000423345347061085,0.00508));
#2792=CARTESIAN_POINT('',(-0.043858319417088,-0.00850935782327711,0.00508));
#2793=CARTESIAN_POINT('',(-0.0318549302016432,-0.00836799936339456,0.00508));
#2794=CARTESIAN_POINT('',(-0.0330334933177906,-0.00838187876561861,0.00508));
#2795=CARTESIAN_POINT('',(-0.0317220191884862,-0.00919463167958894,0.00508));
#2796=CARTESIAN_POINT('',(-0.0415833572214512,0.0129510665201283,0.004064));
#2797=CARTESIAN_POINT('',(-0.0439094175579798,0.0112772544644159,0.004064));
#2798=CARTESIAN_POINT('',(-0.0480311808731391,0.0082358970503433,0.004064));
#2799=CARTESIAN_POINT('',(-0.0498512706450767,-0.000423345347061085,0.004064));
#2800=CARTESIAN_POINT('',(-0.043858319417088,-0.00850935782327711,0.004064));
#2801=CARTESIAN_POINT('',(-0.0318549302016432,-0.00836799936339456,0.004064));
#2802=CARTESIAN_POINT('',(-0.0330334933177906,-0.00838187876561861,0.004064));
#2803=CARTESIAN_POINT('',(-0.0317220191884862,-0.00919463167958894,0.004064));
#2804=CARTESIAN_POINT('',(-0.014338596831456,-0.0107101441847091,0.004064));
#2805=CARTESIAN_POINT('',(0.0126761104596018,-0.0142225244384478,0.004064));
#2806=CARTESIAN_POINT('',(0.0136236982175689,-0.014374541756056,0.004064));
#2807=CARTESIAN_POINT('',(0.017098534903027,-0.0134182009908326,0.004064));
#2808=CARTESIAN_POINT('',(0.0189804094946045,-0.0133115209292577,0.004064));
#2809=CARTESIAN_POINT('',(0.0127655329374423,-0.00834276092194858,0.004064));
#2810=CARTESIAN_POINT('',(0.014023589434152,-0.00801771345720514,0.004064));
#2811=CARTESIAN_POINT('',(0.0203168283571835,-0.00400010692590992,0.004064));
#2812=CARTESIAN_POINT('',(0.0219166224781436,-0.00412496004407919,0.004064));
#2813=CARTESIAN_POINT('',(0.0132669626595551,0.00384671317519786,0.004064));
#2814=CARTESIAN_POINT('',(0.0152713112136136,0.00410103111623481,0.004064));
#2815=CARTESIAN_POINT('',(0.0246768291711279,0.0116920120972438,0.004064));
#2816=CARTESIAN_POINT('',(0.0266652852377804,0.0115947078613443,0.004064));
#2817=CARTESIAN_POINT('',(0.0223598026493349,0.0170897890337791,0.004064));
#2818=CARTESIAN_POINT('',(0.0199395297394955,0.016526869284329,0.004064));
#2819=CARTESIAN_POINT('',(0.0294339360375247,0.0266665922837245,0.004064));
#2820=CARTESIAN_POINT('',(0.0307972686686747,0.0279707503211353,0.004064));
#2821=CARTESIAN_POINT('',(0.0156469789245103,0.0344636537291647,0.004064));
#2822=CARTESIAN_POINT('',(0.0153292295533585,0.0352665044087846,0.004064));
#2823=CARTESIAN_POINT('',(0.00657233543247574,0.0150316638788082,0.004064));
#2824=CARTESIAN_POINT('',(0.00648578626223168,0.0144880668825265,0.004064));
#2825=CARTESIAN_POINT('',(0.0144446228966355,0.0105929491603873,0.004064));
#2826=CARTESIAN_POINT('',(0.0154991998104737,0.0106887955233158,0.004064));
#2827=CARTESIAN_POINT('',(0.00810098793844089,0.0050186740334544,0.004064));
#2828=CARTESIAN_POINT('',(0.00639831404133571,0.00577700977761216,0.004064));
#2829=CARTESIAN_POINT('',(0.0130995279510112,-0.00342183453614806,0.004064));
#2830=CARTESIAN_POINT('',(0.0145561877644546,-0.00324531891577123,0.004064));
#2831=CARTESIAN_POINT('',(0.00410647730877341,-0.00833839111739477,0.004064));
#2832=CARTESIAN_POINT('',(0.00636820476344649,-0.00838838290789892,0.004064));
#2833=CARTESIAN_POINT('',(0.0119745697104407,-0.0130111116042617,0.004064));
#2834=CARTESIAN_POINT('',(0.0121414530506058,-0.0141367517124163,0.004064));
#2835=CARTESIAN_POINT('',(0.0126761104596018,-0.0142225244384478,0.004064));
#2836=CARTESIAN_POINT('',(-0.0223988003752027,0.0150474390178189,0.004064));
#2837=CARTESIAN_POINT('',(-0.0232214635800821,0.0156363821993588,0.004064));
#2838=CARTESIAN_POINT('',(-0.0255205426058832,0.0160533599531832,0.004064));
#2839=CARTESIAN_POINT('',(-0.0273129742416235,0.0165849951488375,0.004064));
#2840=CARTESIAN_POINT('',(-0.0287143814684221,0.0166002491228108,0.004064));
#2841=CARTESIAN_POINT('',(0.0126761104596018,-0.0142225244384478,0.004064));
#2842=CARTESIAN_POINT('',(0.0136236982175689,-0.014374541756056,0.004064));
#2843=CARTESIAN_POINT('',(0.017098534903027,-0.0134182009908326,0.004064));
#2844=CARTESIAN_POINT('',(0.0189804094946045,-0.0133115209292577,0.004064));
#2845=CARTESIAN_POINT('',(0.0127655329374423,-0.00834276092194858,0.004064));
#2846=CARTESIAN_POINT('',(0.014023589434152,-0.00801771345720514,0.004064));
#2847=CARTESIAN_POINT('',(0.0203168283571835,-0.00400010692590992,0.004064));
#2848=CARTESIAN_POINT('',(0.0219166224781436,-0.00412496004407919,0.004064));
#2849=CARTESIAN_POINT('',(0.0132669626595551,0.00384671317519786,0.004064));
#2850=CARTESIAN_POINT('',(0.0152713112136136,0.00410103111623481,0.004064));
#2851=CARTESIAN_POINT('',(0.0246768291711279,0.0116920120972438,0.004064));
#2852=CARTESIAN_POINT('',(0.0266652852377804,0.0115947078613443,0.004064));
#2853=CARTESIAN_POINT('',(0.0223598026493349,0.0170897890337791,0.004064));
#2854=CARTESIAN_POINT('',(0.0199395297394955,0.016526869284329,0.004064));
#2855=CARTESIAN_POINT('',(0.0294339360375247,0.0266665922837245,0.004064));
#2856=CARTESIAN_POINT('',(0.0307972686686747,0.0279707503211353,0.004064));
#2857=CARTESIAN_POINT('',(0.0156469789245103,0.0344636537291647,0.004064));
#2858=CARTESIAN_POINT('',(0.0153292295533585,0.0352665044087846,0.004064));
#2859=CARTESIAN_POINT('',(0.00657233543247574,0.0150316638788082,0.004064));
#2860=CARTESIAN_POINT('',(0.00648578626223168,0.0144880668825265,0.004064));
#2861=CARTESIAN_POINT('',(0.0144446228966355,0.0105929491603873,0.004064));
#2862=CARTESIAN_POINT('',(0.0154991998104737,0.0106887955233158,0.004064));
#2863=CARTESIAN_POINT('',(0.00810098793844089,0.0050186740334544,0.004064));
#2864=CARTESIAN_POINT('',(0.00639831404133571,0.00577700977761216,0.004064));
#2865=CARTESIAN_POINT('',(0.0130995279510112,-0.00342183453614806,0.004064));
#2866=CARTESIAN_POINT('',(0.0145561877644546,-0.00324531891577123,0.004064));
#2867=CARTESIAN_POINT('',(0.00410647730877341,-0.00833839111739477,0.004064));
#2868=CARTESIAN_POINT('',(0.00636820476344649,-0.00838838290789892,0.004064));
#2869=CARTESIAN_POINT('',(0.0119745697104407,-0.0130111116042617,0.004064));
#2870=CARTESIAN_POINT('',(0.0121414530506058,-0.0141367517124163,0.004064));
#2871=CARTESIAN_POINT('',(0.0126761104596018,-0.0142225244384478,0.004064));
#2872=CARTESIAN_POINT('',(-0.0468497864239139,0.00826359342673781,0.006604));
#2873=CARTESIAN_POINT('',(-0.0468497864239139,0.00826359342673781,0.00508));
#2874=CARTESIAN_POINT('',(-0.047388896924711,0.00900247939146464,0.006604));
#2875=CARTESIAN_POINT('',(-0.047388896924711,0.00900247939146464,0.00508));
#2876=CARTESIAN_POINT('',(-0.0484472084158798,0.0104956910366939,0.006604));
#2877=CARTESIAN_POINT('',(-0.0484472084158798,0.0104956910366939,0.00508));
#2878=CARTESIAN_POINT('',(-0.0497219783532863,0.0129320898707213,0.006604));
#2879=CARTESIAN_POINT('',(-0.0497219783532863,0.0129320898707213,0.00508));
#2880=CARTESIAN_POINT('',(-0.0504539167044075,0.0156904501162744,0.006604));
#2881=CARTESIAN_POINT('',(-0.0504539167044075,0.0156904501162744,0.00508));
#2882=CARTESIAN_POINT('',(-0.0503329684983423,0.0189832394259959,0.006604));
#2883=CARTESIAN_POINT('',(-0.0503329684983423,0.0189832394259959,0.00508));
#2884=CARTESIAN_POINT('',(-0.0495226781646161,0.022507928491757,0.006604));
#2885=CARTESIAN_POINT('',(-0.0495226781646161,0.022507928491757,0.00508));
#2886=CARTESIAN_POINT('',(-0.0484124928234831,0.0257239194651707,0.006604));
#2887=CARTESIAN_POINT('',(-0.0484124928234831,0.0257239194651707,0.00508));
#2888=CARTESIAN_POINT('',(-0.0473242401624698,0.0281388044826147,0.006604));
#2889=CARTESIAN_POINT('',(-0.0473242401624698,0.0281388044826147,0.00508));
#2890=CARTESIAN_POINT('',(-0.0467589122621635,0.0290916015635553,0.006604));
#2891=CARTESIAN_POINT('',(-0.0467589122621635,0.0290916015635553,0.00508));
#2892=CARTESIAN_POINT('',(-0.0462567143920182,0.028772133044645,0.006604));
#2893=CARTESIAN_POINT('',(-0.0462567143920182,0.028772133044645,0.00508));
#2894=CARTESIAN_POINT('',(-0.0456766311400706,0.0277125787690331,0.006604));
#2895=CARTESIAN_POINT('',(-0.0456766311400706,0.0277125787690331,0.00508));
#2896=CARTESIAN_POINT('',(-0.044897040245769,0.0253811906966976,0.006604));
#2897=CARTESIAN_POINT('',(-0.044897040245769,0.0253811906966976,0.00508));
#2898=CARTESIAN_POINT('',(-0.0442117961666809,0.0225429537305948,0.006604));
#2899=CARTESIAN_POINT('',(-0.0442117961666809,0.0225429537305948,0.00508));
#2900=CARTESIAN_POINT('',(-0.0438246268243,0.0204788371914005,0.006604));
#2901=CARTESIAN_POINT('',(-0.0438246268243,0.0204788371914005,0.00508));
#2902=CARTESIAN_POINT('',(-0.0435823797576121,0.0187310562459899,0.006604));
#2903=CARTESIAN_POINT('',(-0.0435823797576121,0.0187310562459899,0.00508));
#2904=CARTESIAN_POINT('',(-0.0434725473001447,0.0170368009508446,0.006604));
#2905=CARTESIAN_POINT('',(-0.0434725473001447,0.0170368009508446,0.00508));
#2906=CARTESIAN_POINT('',(-0.0433715652027638,0.0153830915426393,0.006604));
#2907=CARTESIAN_POINT('',(-0.0433715652027638,0.0153830915426393,0.00508));
#2908=CARTESIAN_POINT('',(-0.0430250523265484,0.0137109213277387,0.006604));
#2909=CARTESIAN_POINT('',(-0.0430250523265484,0.0137109213277387,0.00508));
#2910=CARTESIAN_POINT('',(-0.0428056411089908,0.0126289681415381,0.006604));
#2911=CARTESIAN_POINT('',(-0.0428056411089908,0.0126289681415381,0.00508));
#2912=CARTESIAN_POINT('',(-0.0427429376790063,0.0121078042718418,0.006604));
#2913=CARTESIAN_POINT('',(-0.0427429376790063,0.0121078042718418,0.00508));
#2914=CARTESIAN_POINT('',(-0.042742937678948,0.012107804271885,0.006604));
#2915=CARTESIAN_POINT('',(-0.042742937678948,0.012107804271885,0.006604));
#2916=CARTESIAN_POINT('',(-0.0468497864239139,0.00826359342673778,0.006604));
#2917=CARTESIAN_POINT('',(-0.0468497864239139,0.00826359342673778,0.006604));
#2918=CARTESIAN_POINT('',(-0.0468497864239139,0.00826359342673781,0.006604));
#2919=CARTESIAN_POINT('',(-0.0486457789414836,0.0107251178489568,0.006604));
#2920=CARTESIAN_POINT('',(-0.0522167865232987,0.0161411763856496,0.006604));
#2921=CARTESIAN_POINT('',(-0.0477560967629606,0.0276368255235273,0.006604));
#2922=CARTESIAN_POINT('',(-0.0460563044131943,0.0300273448777565,0.006604));
#2923=CARTESIAN_POINT('',(-0.0433641018875952,0.0198682314847298,0.006604));
#2924=CARTESIAN_POINT('',(-0.0435666598500337,0.0156507528816137,0.006604));
#2925=CARTESIAN_POINT('',(-0.0428681483393266,0.0131485012843645,0.006604));
#2926=CARTESIAN_POINT('',(-0.0427429376790063,0.0121078042718418,0.006604));
#2927=CARTESIAN_POINT('',(-0.0468497864239139,0.00826359342673781,0.006604));
#2928=CARTESIAN_POINT('',(-0.0468497864239139,0.00826359342673781,0.00508));
#2929=CARTESIAN_POINT('',(-0.0464125969157125,0.00953229225694333,0.006604));
#2930=CARTESIAN_POINT('',(-0.0464125969157125,0.00953229225694333,0.00508));
#2931=CARTESIAN_POINT('',(-0.0439136196127896,0.0117142025310765,0.006604));
#2932=CARTESIAN_POINT('',(-0.0439136196127896,0.0117142025310765,0.00508));
#2933=CARTESIAN_POINT('',(-0.0427429376790063,0.0121078042718418,0.006604));
#2934=CARTESIAN_POINT('',(-0.0427429376790063,0.0121078042718418,0.00508));
#2935=CARTESIAN_POINT('',(-0.0468497864239139,0.00826359342673781,0.006604));
#2936=CARTESIAN_POINT('',(-0.0464125969157125,0.00953229225694333,0.006604));
#2937=CARTESIAN_POINT('',(-0.0439136196127897,0.0117142025310765,0.006604));
#2938=CARTESIAN_POINT('',(-0.0427429376790063,0.0121078042718418,0.006604));
#2939=CARTESIAN_POINT('',(-0.00979987890803734,-0.00192225873167902,0.006604));
#2940=CARTESIAN_POINT('',(-0.0287143814684221,0.0166002491228108,0.006604));
#2941=CARTESIAN_POINT('',(-0.0287143814684221,0.0166002491228108,0.00508000000000001));
#2942=CARTESIAN_POINT('',(-0.0279579469019172,0.0176938209685062,0.006604));
#2943=CARTESIAN_POINT('',(-0.0279579469019172,0.0176938209685062,0.00508000000000001));
#2944=CARTESIAN_POINT('',(-0.0271806620947914,0.0187443753992007,0.006604));
#2945=CARTESIAN_POINT('',(-0.0271806620947914,0.0187443753992007,0.00508));
#2946=CARTESIAN_POINT('',(-0.0262732602340046,0.019832594722846,0.006604));
#2947=CARTESIAN_POINT('',(-0.0262732602340046,0.019832594722846,0.00508000000000001));
#2948=CARTESIAN_POINT('',(-0.0252339484126719,0.0210386283459015,0.006604));
#2949=CARTESIAN_POINT('',(-0.0252339484126719,0.0210386283459015,0.00508));
#2950=CARTESIAN_POINT('',(-0.0234942888094574,0.0230255345669382,0.006604));
#2951=CARTESIAN_POINT('',(-0.0234942888094574,0.0230255345669382,0.00508000000000001));
#2952=CARTESIAN_POINT('',(-0.0209520904502525,0.0255862534263094,0.006604));
#2953=CARTESIAN_POINT('',(-0.0209520904502525,0.0255862534263094,0.00508));
#2954=CARTESIAN_POINT('',(-0.0181366283717634,0.0278353900769478,0.006604));
#2955=CARTESIAN_POINT('',(-0.0181366283717634,0.0278353900769478,0.00508));
#2956=CARTESIAN_POINT('',(-0.0150396768956855,0.0296902567852386,0.006604));
#2957=CARTESIAN_POINT('',(-0.0150396768956855,0.0296902567852386,0.00508000000000001));
#2958=CARTESIAN_POINT('',(-0.0115745041912002,0.0310574835932395,0.006604));
#2959=CARTESIAN_POINT('',(-0.0115745041912002,0.0310574835932395,0.00508));
#2960=CARTESIAN_POINT('',(-0.0080221056921966,0.0319386758368781,0.006604));
#2961=CARTESIAN_POINT('',(-0.0080221056921966,0.0319386758368781,0.00508));
#2962=CARTESIAN_POINT('',(-0.00491129952184197,0.0325091476426002,0.006604));
#2963=CARTESIAN_POINT('',(-0.00491129952184197,0.0325091476426002,0.00508));
#2964=CARTESIAN_POINT('',(-0.0028481817475089,0.0326136626466568,0.006604));
#2965=CARTESIAN_POINT('',(-0.0028481817475089,0.0326136626466568,0.00508));
#2966=CARTESIAN_POINT('',(-0.00327453922658435,0.0304471209770687,0.006604));
#2967=CARTESIAN_POINT('',(-0.00327453922658435,0.0304471209770687,0.00508000000000001));
#2968=CARTESIAN_POINT('',(-0.00546366630299079,0.0274127582091332,0.006604));
#2969=CARTESIAN_POINT('',(-0.00546366630299079,0.0274127582091332,0.00508));
#2970=CARTESIAN_POINT('',(-0.00810766378123428,0.0247178890119461,0.006604));
#2971=CARTESIAN_POINT('',(-0.00810766378123428,0.0247178890119461,0.00508));
#2972=CARTESIAN_POINT('',(-0.0113108827255777,0.0219969916747805,0.006604));
#2973=CARTESIAN_POINT('',(-0.0113108827255777,0.0219969916747805,0.00508));
#2974=CARTESIAN_POINT('',(-0.0159965723146648,0.0187906663964383,0.006604));
#2975=CARTESIAN_POINT('',(-0.0159965723146648,0.0187906663964383,0.00508000000000001));
#2976=CARTESIAN_POINT('',(-0.020849123225011,0.0159105022986531,0.006604));
#2977=CARTESIAN_POINT('',(-0.020849123225011,0.0159105022986531,0.00508));
#2978=CARTESIAN_POINT('',(-0.0223699572088552,0.0150798232910917,0.006604));
#2979=CARTESIAN_POINT('',(-0.0223699572088552,0.0150798232910917,0.00508));
#2980=CARTESIAN_POINT('',(-0.0223988003833251,0.015047439022327,0.006604));
#2981=CARTESIAN_POINT('',(-0.0223988003833251,0.015047439022327,0.00508));
#2982=CARTESIAN_POINT('',(-0.0223988003752027,0.0150474390178189,0.006604));
#2983=CARTESIAN_POINT('',(-0.0223988003752027,0.0150474390178189,0.006604));
#2984=CARTESIAN_POINT('',(-0.0287143814816002,0.0166002491237492,0.006604));
#2985=CARTESIAN_POINT('',(-0.0287143814816002,0.0166002491237492,0.006604));
#2986=CARTESIAN_POINT('',(-0.0287143814684221,0.0166002491228108,0.006604));
#2987=CARTESIAN_POINT('',(-0.0273508816211071,0.0185714507450784,0.006604));
#2988=CARTESIAN_POINT('',(-0.0260491166075917,0.020100604194513,0.006604));
#2989=CARTESIAN_POINT('',(-0.020923292572365,0.0260170113425185,0.006604));
#2990=CARTESIAN_POINT('',(-0.0139168991157956,0.030727688695573,0.006604));
#2991=CARTESIAN_POINT('',(-0.00619376453636027,0.0323316462002568,0.006604));
#2992=CARTESIAN_POINT('',(-0.00147799762267664,0.0328956072282828,0.006604));
#2993=CARTESIAN_POINT('',(-0.00803627104449551,0.0227275738371557,0.006604));
#2994=CARTESIAN_POINT('',(-0.0223047946595831,0.0151529858866728,0.006604));
#2995=CARTESIAN_POINT('',(-0.0223988003833251,0.015047439022327,0.006604));
#2996=CARTESIAN_POINT('',(-0.0223685028246007,0.0150257490531547,0.006604));
#2997=CARTESIAN_POINT('',(-0.0223685028246007,0.0150257490531547,0.004064));
#2998=CARTESIAN_POINT('',(-0.0232151510441985,0.0156318630657144,0.006604));
#2999=CARTESIAN_POINT('',(-0.0232151510441985,0.0156318630657144,0.004064));
#3000=CARTESIAN_POINT('',(-0.0255215488700498,0.0160576401074401,0.006604));
#3001=CARTESIAN_POINT('',(-0.0255215488700498,0.0160576401074401,0.004064));
#3002=CARTESIAN_POINT('',(-0.0273355877618596,0.0165852412914594,0.006604));
#3003=CARTESIAN_POINT('',(-0.0273355877618596,0.0165852412914594,0.004064));
#3004=CARTESIAN_POINT('',(-0.0287143814684221,0.0166002491228108,0.006604));
#3005=CARTESIAN_POINT('',(-0.0287143814684221,0.0166002491228108,0.004064));
#3006=CARTESIAN_POINT('',(-0.0223482995625087,0.0150112855723726,0.006604));
#3007=CARTESIAN_POINT('',(-0.0223651331667401,0.0150233367208547,0.006604));
#3008=CARTESIAN_POINT('',(-0.0223819667709713,0.0150353878693368,0.006604));
#3009=CARTESIAN_POINT('',(-0.0223988003752027,0.0150474390178189,0.006604));
#3010=CARTESIAN_POINT('',(-0.0232214635800821,0.0156363821993588,0.006604));
#3011=CARTESIAN_POINT('',(-0.0255205426058832,0.0160533599531832,0.006604));
#3012=CARTESIAN_POINT('',(-0.0273129742416235,0.0165849951488375,0.006604));
#3013=CARTESIAN_POINT('',(-0.0287143814684221,0.0166002491228108,0.006604));
#3014=CARTESIAN_POINT('',(-0.025347788481744,0.0160713672386306,0.006604));
#3015=CARTESIAN_POINT('',(-0.0223988003752027,0.0150474390178189,0.006604));
#3016=CARTESIAN_POINT('',(-0.0232214635800821,0.0156363821993588,0.006604));
#3017=CARTESIAN_POINT('',(-0.0255205426058832,0.0160533599531832,0.006604));
#3018=CARTESIAN_POINT('',(-0.0273129742416235,0.0165849951488375,0.006604));
#3019=CARTESIAN_POINT('',(-0.0287143814684221,0.0166002491228108,0.006604));
#3020=CARTESIAN_POINT('',(-0.0257594365296898,0.0161684747810551,0.006604));
#3021=CARTESIAN_POINT('',(-0.0223482995625087,0.0150112855723726,0.006604));
#3022=CARTESIAN_POINT('',(-0.0223651331667401,0.0150233367208547,0.006604));
#3023=CARTESIAN_POINT('',(-0.0223819667709713,0.0150353878693368,0.006604));
#3024=CARTESIAN_POINT('',(-0.0223988003752027,0.0150474390178189,0.006604));
#3025=CARTESIAN_POINT('',(-0.0232214635800821,0.0156363821993588,0.006604));
#3026=CARTESIAN_POINT('',(-0.0255205426058832,0.0160533599531832,0.006604));
#3027=CARTESIAN_POINT('',(-0.0273129742416235,0.0165849951488375,0.006604));
#3028=CARTESIAN_POINT('',(-0.0287143814684221,0.0166002491228108,0.006604));
#3029=CARTESIAN_POINT('',(-0.00979987890803734,-0.00192225873167902,0.006604));
#3030=CARTESIAN_POINT('',(-0.0223995196695059,0.0150464441904495,0.005086096));
#3031=CARTESIAN_POINT('',(-0.0223995196695059,0.0150464441904495,0.004057904));
#3032=CARTESIAN_POINT('',(-0.0224002837800394,0.0150448813849353,0.005086096));
#3033=CARTESIAN_POINT('',(-0.0224002837800394,0.0150448813849353,0.004057904));
#3034=CARTESIAN_POINT('',(-0.0223977231734819,0.0150450571132852,0.005086096));
#3035=CARTESIAN_POINT('',(-0.0223977231734819,0.0150450571132852,0.004057904));
#3036=CARTESIAN_POINT('',(-0.0223934903519338,0.0150436292194885,0.005086096));
#3037=CARTESIAN_POINT('',(-0.0223934903519338,0.0150436292194885,0.004057904));
#3038=CARTESIAN_POINT('',(0.0126761104596018,-0.0142225244384478,0.006604));
#3039=CARTESIAN_POINT('',(0.0126761104596018,-0.0142225244384478,0.004064));
#3040=CARTESIAN_POINT('',(0.0136236982175689,-0.014374541756056,0.006604));
#3041=CARTESIAN_POINT('',(0.0136236982175689,-0.014374541756056,0.004064));
#3042=CARTESIAN_POINT('',(0.017098534903027,-0.0134182009908326,0.006604));
#3043=CARTESIAN_POINT('',(0.017098534903027,-0.0134182009908326,0.004064));
#3044=CARTESIAN_POINT('',(0.0189804094946045,-0.0133115209292577,0.006604));
#3045=CARTESIAN_POINT('',(0.0189804094946045,-0.0133115209292577,0.004064));
#3046=CARTESIAN_POINT('',(0.0127655329374423,-0.00834276092194858,0.006604));
#3047=CARTESIAN_POINT('',(0.0127655329374423,-0.00834276092194858,0.004064));
#3048=CARTESIAN_POINT('',(0.014023589434152,-0.00801771345720514,0.006604));
#3049=CARTESIAN_POINT('',(0.014023589434152,-0.00801771345720514,0.004064));
#3050=CARTESIAN_POINT('',(0.0203168283571835,-0.00400010692590992,0.006604));
#3051=CARTESIAN_POINT('',(0.0203168283571835,-0.00400010692590992,0.004064));
#3052=CARTESIAN_POINT('',(0.0219166224781436,-0.00412496004407919,0.006604));
#3053=CARTESIAN_POINT('',(0.0219166224781436,-0.00412496004407919,0.004064));
#3054=CARTESIAN_POINT('',(0.0132669626595551,0.00384671317519786,0.006604));
#3055=CARTESIAN_POINT('',(0.0132669626595551,0.00384671317519786,0.004064));
#3056=CARTESIAN_POINT('',(0.0152713112136136,0.00410103111623481,0.006604));
#3057=CARTESIAN_POINT('',(0.0152713112136136,0.00410103111623481,0.004064));
#3058=CARTESIAN_POINT('',(0.0246768291711279,0.0116920120972438,0.006604));
#3059=CARTESIAN_POINT('',(0.0246768291711279,0.0116920120972438,0.004064));
#3060=CARTESIAN_POINT('',(0.0266652852377804,0.0115947078613443,0.006604));
#3061=CARTESIAN_POINT('',(0.0266652852377804,0.0115947078613443,0.004064));
#3062=CARTESIAN_POINT('',(0.0223598026493349,0.0170897890337791,0.006604));
#3063=CARTESIAN_POINT('',(0.0223598026493349,0.0170897890337791,0.004064));
#3064=CARTESIAN_POINT('',(0.0199395297394955,0.016526869284329,0.006604));
#3065=CARTESIAN_POINT('',(0.0199395297394955,0.016526869284329,0.004064));
#3066=CARTESIAN_POINT('',(0.0294339360375247,0.0266665922837245,0.006604));
#3067=CARTESIAN_POINT('',(0.0294339360375247,0.0266665922837245,0.004064));
#3068=CARTESIAN_POINT('',(0.0307972686686747,0.0279707503211353,0.006604));
#3069=CARTESIAN_POINT('',(0.0307972686686747,0.0279707503211353,0.004064));
#3070=CARTESIAN_POINT('',(0.0156469789245103,0.0344636537291647,0.006604));
#3071=CARTESIAN_POINT('',(0.0156469789245103,0.0344636537291647,0.004064));
#3072=CARTESIAN_POINT('',(0.0153292295533585,0.0352665044087846,0.006604));
#3073=CARTESIAN_POINT('',(0.0153292295533585,0.0352665044087846,0.004064));
#3074=CARTESIAN_POINT('',(0.00657233543247574,0.0150316638788082,0.006604));
#3075=CARTESIAN_POINT('',(0.00657233543247574,0.0150316638788082,0.004064));
#3076=CARTESIAN_POINT('',(0.00648578626223168,0.0144880668825265,0.006604));
#3077=CARTESIAN_POINT('',(0.00648578626223168,0.0144880668825265,0.004064));
#3078=CARTESIAN_POINT('',(0.0144446228966355,0.0105929491603873,0.006604));
#3079=CARTESIAN_POINT('',(0.0144446228966355,0.0105929491603873,0.004064));
#3080=CARTESIAN_POINT('',(0.0154991998104737,0.0106887955233158,0.006604));
#3081=CARTESIAN_POINT('',(0.0154991998104737,0.0106887955233158,0.004064));
#3082=CARTESIAN_POINT('',(0.00810098793844089,0.0050186740334544,0.006604));
#3083=CARTESIAN_POINT('',(0.00810098793844089,0.0050186740334544,0.004064));
#3084=CARTESIAN_POINT('',(0.00639831404133571,0.00577700977761216,0.006604));
#3085=CARTESIAN_POINT('',(0.00639831404133571,0.00577700977761216,0.004064));
#3086=CARTESIAN_POINT('',(0.0130995279510112,-0.00342183453614806,0.006604));
#3087=CARTESIAN_POINT('',(0.0130995279510112,-0.00342183453614806,0.004064));
#3088=CARTESIAN_POINT('',(0.0145561877644546,-0.00324531891577123,0.006604));
#3089=CARTESIAN_POINT('',(0.0145561877644546,-0.00324531891577123,0.004064));
#3090=CARTESIAN_POINT('',(0.00410647730877341,-0.00833839111739477,0.006604));
#3091=CARTESIAN_POINT('',(0.00410647730877341,-0.00833839111739477,0.004064));
#3092=CARTESIAN_POINT('',(0.00636820476344649,-0.00838838290789892,0.006604));
#3093=CARTESIAN_POINT('',(0.00636820476344649,-0.00838838290789892,0.004064));
#3094=CARTESIAN_POINT('',(0.0119745697104407,-0.0130111116042617,0.006604));
#3095=CARTESIAN_POINT('',(0.0119745697104407,-0.0130111116042617,0.004064));
#3096=CARTESIAN_POINT('',(0.0121414530506058,-0.0141367517124163,0.006604));
#3097=CARTESIAN_POINT('',(0.0121414530506058,-0.0141367517124163,0.004064));
#3098=CARTESIAN_POINT('',(0.0126761104596018,-0.0142225244384478,0.006604));
#3099=CARTESIAN_POINT('',(0.0126761104596018,-0.0142225244384478,0.004064));
#3100=CARTESIAN_POINT('',(0.0126761104596018,-0.0142225244384478,0.006604));
#3101=CARTESIAN_POINT('',(0.0136236982175689,-0.014374541756056,0.006604));
#3102=CARTESIAN_POINT('',(0.017098534903027,-0.0134182009908326,0.006604));
#3103=CARTESIAN_POINT('',(0.0189804094946045,-0.0133115209292577,0.006604));
#3104=CARTESIAN_POINT('',(0.0127655329374423,-0.00834276092194858,0.006604));
#3105=CARTESIAN_POINT('',(0.014023589434152,-0.00801771345720514,0.006604));
#3106=CARTESIAN_POINT('',(0.0203168283571835,-0.00400010692590992,0.006604));
#3107=CARTESIAN_POINT('',(0.0219166224781436,-0.00412496004407919,0.006604));
#3108=CARTESIAN_POINT('',(0.0132669626595551,0.00384671317519786,0.006604));
#3109=CARTESIAN_POINT('',(0.0152713112136136,0.00410103111623481,0.006604));
#3110=CARTESIAN_POINT('',(0.0246768291711279,0.0116920120972438,0.006604));
#3111=CARTESIAN_POINT('',(0.0266652852377804,0.0115947078613443,0.006604));
#3112=CARTESIAN_POINT('',(0.0223598026493349,0.0170897890337791,0.006604));
#3113=CARTESIAN_POINT('',(0.0199395297394955,0.016526869284329,0.006604));
#3114=CARTESIAN_POINT('',(0.0294339360375247,0.0266665922837245,0.006604));
#3115=CARTESIAN_POINT('',(0.0307972686686747,0.0279707503211353,0.006604));
#3116=CARTESIAN_POINT('',(0.0156469789245103,0.0344636537291647,0.006604));
#3117=CARTESIAN_POINT('',(0.0153292295533585,0.0352665044087846,0.006604));
#3118=CARTESIAN_POINT('',(0.00657233543247574,0.0150316638788082,0.006604));
#3119=CARTESIAN_POINT('',(0.00648578626223168,0.0144880668825265,0.006604));
#3120=CARTESIAN_POINT('',(0.0144446228966355,0.0105929491603873,0.006604));
#3121=CARTESIAN_POINT('',(0.0154991998104737,0.0106887955233158,0.006604));
#3122=CARTESIAN_POINT('',(0.00810098793844089,0.0050186740334544,0.006604));
#3123=CARTESIAN_POINT('',(0.00639831404133571,0.00577700977761216,0.006604));
#3124=CARTESIAN_POINT('',(0.0130995279510112,-0.00342183453614806,0.006604));
#3125=CARTESIAN_POINT('',(0.0145561877644546,-0.00324531891577123,0.006604));
#3126=CARTESIAN_POINT('',(0.00410647730877341,-0.00833839111739477,0.006604));
#3127=CARTESIAN_POINT('',(0.00636820476344649,-0.00838838290789892,0.006604));
#3128=CARTESIAN_POINT('',(0.0119745697104407,-0.0130111116042617,0.006604));
#3129=CARTESIAN_POINT('',(0.0121414530506058,-0.0141367517124163,0.006604));
#3130=CARTESIAN_POINT('',(0.0126761104596018,-0.0142225244384478,0.006604));
#3131=CARTESIAN_POINT('',(0.0126761104596018,-0.0142225244384478,0.006604));
#3132=CARTESIAN_POINT('',(-0.00979987890803734,-0.00192225873167902,0.006604));
#3133=CARTESIAN_POINT('',(-0.0177439946449022,-0.0264386631956782,0.00508));
#3134=CARTESIAN_POINT('',(-0.017424510292535,-0.0374922976934072,0.00508));
#3135=CARTESIAN_POINT('',(-0.0178779713189867,-0.0377048267220209,0.00508));
#3136=CARTESIAN_POINT('',(-0.018014965392534,-0.0410436715806317,0.00508));
#3137=CARTESIAN_POINT('',(-0.011371340947887,-0.0458934981467165,0.00508));
#3138=CARTESIAN_POINT('',(-0.0142131057733924,-0.0428234825392728,0.00508));
#3139=CARTESIAN_POINT('',(-0.00984520130657627,-0.0465775841891072,0.00508));
#3140=CARTESIAN_POINT('',(-0.0117433920338926,-0.0423933550540994,0.00508));
#3141=CARTESIAN_POINT('',(-0.0107596882958658,-0.0441282028300134,0.00508));
#3142=CARTESIAN_POINT('',(-0.0104439558630188,-0.0430011297348321,0.00508));
#3143=CARTESIAN_POINT('',(-0.0135208299005551,-0.036592315461316,0.00508));
#3144=CARTESIAN_POINT('',(-0.016122843016176,-0.0381452809303704,0.00508));
#3145=CARTESIAN_POINT('',(-0.0171436217736488,-0.0373606502957581,0.00508));
#3146=CARTESIAN_POINT('',(-0.017424510292535,-0.0374922976934072,0.00508));
#3147=CARTESIAN_POINT('',(-0.0177439946449022,-0.0264386631956782,0.00508));
#3148=CARTESIAN_POINT('',(-0.017424510292535,-0.0374922976934072,0.00508));
#3149=CARTESIAN_POINT('',(-0.0178779713189867,-0.0377048267220209,0.00508));
#3150=CARTESIAN_POINT('',(-0.018014965392534,-0.0410436715806317,0.00508));
#3151=CARTESIAN_POINT('',(-0.011371340947887,-0.0458934981467165,0.00508));
#3152=CARTESIAN_POINT('',(-0.0142131057733924,-0.0428234825392728,0.00508));
#3153=CARTESIAN_POINT('',(-0.00984520130657627,-0.0465775841891072,0.00508));
#3154=CARTESIAN_POINT('',(-0.0117433920338926,-0.0423933550540994,0.00508));
#3155=CARTESIAN_POINT('',(-0.0107596882958658,-0.0441282028300134,0.00508));
#3156=CARTESIAN_POINT('',(-0.0104439558630188,-0.0430011297348321,0.00508));
#3157=CARTESIAN_POINT('',(-0.0135208299005551,-0.036592315461316,0.00508));
#3158=CARTESIAN_POINT('',(-0.016122843016176,-0.0381452809303704,0.00508));
#3159=CARTESIAN_POINT('',(-0.0171436217736488,-0.0373606502957581,0.00508));
#3160=CARTESIAN_POINT('',(-0.017424510292535,-0.0374922976934072,0.00508));
#3161=CARTESIAN_POINT('',(-0.017424510292535,-0.0374922976934072,0.00762));
#3162=CARTESIAN_POINT('',(-0.017424510292535,-0.0374922976934072,0.00508));
#3163=CARTESIAN_POINT('',(-0.0178779713189867,-0.0377048267220209,0.00762));
#3164=CARTESIAN_POINT('',(-0.0178779713189867,-0.0377048267220209,0.00508));
#3165=CARTESIAN_POINT('',(-0.018014965392534,-0.0410436715806317,0.00762));
#3166=CARTESIAN_POINT('',(-0.018014965392534,-0.0410436715806317,0.00508));
#3167=CARTESIAN_POINT('',(-0.011371340947887,-0.0458934981467165,0.00762));
#3168=CARTESIAN_POINT('',(-0.011371340947887,-0.0458934981467165,0.00508));
#3169=CARTESIAN_POINT('',(-0.0142131057733924,-0.0428234825392728,0.00762));
#3170=CARTESIAN_POINT('',(-0.0142131057733924,-0.0428234825392728,0.00508));
#3171=CARTESIAN_POINT('',(-0.00984520130657627,-0.0465775841891072,0.00762));
#3172=CARTESIAN_POINT('',(-0.00984520130657627,-0.0465775841891072,0.00508));
#3173=CARTESIAN_POINT('',(-0.0117433920338926,-0.0423933550540994,0.00762));
#3174=CARTESIAN_POINT('',(-0.0117433920338926,-0.0423933550540994,0.00508));
#3175=CARTESIAN_POINT('',(-0.0107596882958658,-0.0441282028300134,0.00762));
#3176=CARTESIAN_POINT('',(-0.0107596882958658,-0.0441282028300134,0.00508));
#3177=CARTESIAN_POINT('',(-0.0104439558630188,-0.0430011297348321,0.00762));
#3178=CARTESIAN_POINT('',(-0.0104439558630188,-0.0430011297348321,0.00508));
#3179=CARTESIAN_POINT('',(-0.0135208299005551,-0.036592315461316,0.00762));
#3180=CARTESIAN_POINT('',(-0.0135208299005551,-0.036592315461316,0.00508));
#3181=CARTESIAN_POINT('',(-0.016122843016176,-0.0381452809303704,0.00762));
#3182=CARTESIAN_POINT('',(-0.016122843016176,-0.0381452809303704,0.00508));
#3183=CARTESIAN_POINT('',(-0.0171436217736488,-0.0373606502957581,0.00762));
#3184=CARTESIAN_POINT('',(-0.0171436217736488,-0.0373606502957581,0.00508));
#3185=CARTESIAN_POINT('',(-0.017424510292535,-0.0374922976934072,0.00762));
#3186=CARTESIAN_POINT('',(-0.017424510292535,-0.0374922976934072,0.00508));
#3187=CARTESIAN_POINT('',(-0.017424510292535,-0.0374922976934072,0.00762));
#3188=CARTESIAN_POINT('',(-0.0178779713189867,-0.0377048267220209,0.00762));
#3189=CARTESIAN_POINT('',(-0.018014965392534,-0.0410436715806317,0.00762));
#3190=CARTESIAN_POINT('',(-0.011371340947887,-0.0458934981467165,0.00762));
#3191=CARTESIAN_POINT('',(-0.0142131057733924,-0.0428234825392728,0.00762));
#3192=CARTESIAN_POINT('',(-0.00984520130657627,-0.0465775841891072,0.00762));
#3193=CARTESIAN_POINT('',(-0.0117433920338926,-0.0423933550540994,0.00762));
#3194=CARTESIAN_POINT('',(-0.0107596882958658,-0.0441282028300134,0.00762));
#3195=CARTESIAN_POINT('',(-0.0104439558630188,-0.0430011297348321,0.00762));
#3196=CARTESIAN_POINT('',(-0.0135208299005551,-0.036592315461316,0.00762));
#3197=CARTESIAN_POINT('',(-0.016122843016176,-0.0381452809303704,0.00762));
#3198=CARTESIAN_POINT('',(-0.0171436217736488,-0.0373606502957581,0.00762));
#3199=CARTESIAN_POINT('',(-0.017424510292535,-0.0374922976934072,0.00762));
#3200=CARTESIAN_POINT('',(-0.017424510292535,-0.0374922976934072,0.00762));
#3201=CARTESIAN_POINT('',(-0.0177439946449022,-0.0264386631956782,0.00762));
#3202=CARTESIAN_POINT('',(-0.0177439946449022,-0.0264386631956782,0.00508));
#3203=CARTESIAN_POINT('',(-0.0344713630564727,-0.00837265194201322,0.00508));
#3204=CARTESIAN_POINT('',(-0.037187952942123,-0.00917808136079805,0.00508));
#3205=CARTESIAN_POINT('',(-0.047930377031489,-0.0150407553347648,0.00508));
#3206=CARTESIAN_POINT('',(-0.0487684323851581,-0.014195818944681,0.00508));
#3207=CARTESIAN_POINT('',(-0.05159832556276,-0.0137545309300151,0.00508));
#3208=CARTESIAN_POINT('',(-0.0488929755745144,-0.016112002981998,0.00508));
#3209=CARTESIAN_POINT('',(-0.0509633261651892,-0.0158303006378009,0.00508));
#3210=CARTESIAN_POINT('',(-0.0524119443688054,-0.0161288077677891,0.00508));
#3211=CARTESIAN_POINT('',(-0.0508429369483427,-0.017361963824486,0.00508));
#3212=CARTESIAN_POINT('',(-0.0502875651399864,-0.0174986404167982,0.00508));
#3213=CARTESIAN_POINT('',(-0.0518145542211881,-0.0185846691181989,0.00508));
#3214=CARTESIAN_POINT('',(-0.0516768191263568,-0.0194518533815181,0.00508));
#3215=CARTESIAN_POINT('',(-0.0503595333594474,-0.0192112306277892,0.00508));
#3216=CARTESIAN_POINT('',(-0.0485762955436461,-0.0186079499099674,0.00508));
#3217=CARTESIAN_POINT('',(-0.0497804373556115,-0.0200326215994839,0.00508));
#3218=CARTESIAN_POINT('',(-0.0507277742962499,-0.0213804954677954,0.00508));
#3219=CARTESIAN_POINT('',(-0.0439653727918774,-0.0199135063993927,0.00508));
#3220=CARTESIAN_POINT('',(-0.0436427209518305,-0.019432985907014,0.00508));
#3221=CARTESIAN_POINT('',(-0.0230422390594531,-0.0186320696209994,0.00508));
#3222=CARTESIAN_POINT('',(-0.0287655891621189,-0.0149493779854664,0.00508));
#3223=CARTESIAN_POINT('',(-0.031299791635369,-0.00902217280024414,0.00508));
#3224=CARTESIAN_POINT('',(-0.0329863812686409,-0.00836126782497556,0.00508));
#3225=CARTESIAN_POINT('',(-0.0335828251085733,-0.00810921335427308,0.00508));
#3226=CARTESIAN_POINT('',(-0.0344713630564727,-0.00837265194201322,0.00508));
#3227=CARTESIAN_POINT('',(-0.0177439946449022,-0.0264386631956782,0.00508));
#3228=CARTESIAN_POINT('',(-0.0344713630564727,-0.00837265194201322,0.00508));
#3229=CARTESIAN_POINT('',(-0.037187952942123,-0.00917808136079805,0.00508));
#3230=CARTESIAN_POINT('',(-0.047930377031489,-0.0150407553347648,0.00508));
#3231=CARTESIAN_POINT('',(-0.0487684323851581,-0.014195818944681,0.00508));
#3232=CARTESIAN_POINT('',(-0.05159832556276,-0.0137545309300151,0.00508));
#3233=CARTESIAN_POINT('',(-0.0488929755745144,-0.016112002981998,0.00508));
#3234=CARTESIAN_POINT('',(-0.0509633261651892,-0.0158303006378009,0.00508));
#3235=CARTESIAN_POINT('',(-0.0524119443688054,-0.0161288077677891,0.00508));
#3236=CARTESIAN_POINT('',(-0.0508429369483427,-0.017361963824486,0.00508));
#3237=CARTESIAN_POINT('',(-0.0502875651399864,-0.0174986404167982,0.00508));
#3238=CARTESIAN_POINT('',(-0.0518145542211881,-0.0185846691181989,0.00508));
#3239=CARTESIAN_POINT('',(-0.0516768191263568,-0.0194518533815181,0.00508));
#3240=CARTESIAN_POINT('',(-0.0503595333594474,-0.0192112306277892,0.00508));
#3241=CARTESIAN_POINT('',(-0.0485762955436461,-0.0186079499099674,0.00508));
#3242=CARTESIAN_POINT('',(-0.0497804373556115,-0.0200326215994839,0.00508));
#3243=CARTESIAN_POINT('',(-0.0507277742962499,-0.0213804954677954,0.00508));
#3244=CARTESIAN_POINT('',(-0.0439653727918774,-0.0199135063993927,0.00508));
#3245=CARTESIAN_POINT('',(-0.0436427209518305,-0.019432985907014,0.00508));
#3246=CARTESIAN_POINT('',(-0.0230422390594531,-0.0186320696209994,0.00508));
#3247=CARTESIAN_POINT('',(-0.0287655891621189,-0.0149493779854664,0.00508));
#3248=CARTESIAN_POINT('',(-0.031299791635369,-0.00902217280024414,0.00508));
#3249=CARTESIAN_POINT('',(-0.0329863812686409,-0.00836126782497556,0.00508));
#3250=CARTESIAN_POINT('',(-0.0335828251085733,-0.00810921335427308,0.00508));
#3251=CARTESIAN_POINT('',(-0.0344713630564727,-0.00837265194201322,0.00508));
#3252=CARTESIAN_POINT('',(-0.0177439946449022,-0.0264386631956782,0.00508));
#3253=CARTESIAN_POINT('',(-0.0344713630564727,-0.00837265194201322,0.00508));
#3254=CARTESIAN_POINT('',(-0.037187952942123,-0.00917808136079805,0.00508));
#3255=CARTESIAN_POINT('',(-0.047930377031489,-0.0150407553347648,0.00508));
#3256=CARTESIAN_POINT('',(-0.0487684323851581,-0.014195818944681,0.00508));
#3257=CARTESIAN_POINT('',(-0.05159832556276,-0.0137545309300151,0.00508));
#3258=CARTESIAN_POINT('',(-0.0488929755745144,-0.016112002981998,0.00508));
#3259=CARTESIAN_POINT('',(-0.0509633261651892,-0.0158303006378009,0.00508));
#3260=CARTESIAN_POINT('',(-0.0524119443688054,-0.0161288077677891,0.00508));
#3261=CARTESIAN_POINT('',(-0.0508429369483427,-0.017361963824486,0.00508));
#3262=CARTESIAN_POINT('',(-0.0502875651399864,-0.0174986404167982,0.00508));
#3263=CARTESIAN_POINT('',(-0.0518145542211881,-0.0185846691181989,0.00508));
#3264=CARTESIAN_POINT('',(-0.0516768191263568,-0.0194518533815181,0.00508));
#3265=CARTESIAN_POINT('',(-0.0503595333594474,-0.0192112306277892,0.00508));
#3266=CARTESIAN_POINT('',(-0.0485762955436461,-0.0186079499099674,0.00508));
#3267=CARTESIAN_POINT('',(-0.0497804373556115,-0.0200326215994839,0.00508));
#3268=CARTESIAN_POINT('',(-0.0507277742962499,-0.0213804954677954,0.00508));
#3269=CARTESIAN_POINT('',(-0.0439653727918774,-0.0199135063993927,0.00508));
#3270=CARTESIAN_POINT('',(-0.0436427209518305,-0.019432985907014,0.00508));
#3271=CARTESIAN_POINT('',(-0.0230422390594531,-0.0186320696209994,0.00508));
#3272=CARTESIAN_POINT('',(-0.0287655891621189,-0.0149493779854664,0.00508));
#3273=CARTESIAN_POINT('',(-0.031299791635369,-0.00902217280024414,0.00508));
#3274=CARTESIAN_POINT('',(-0.0329863812686409,-0.00836126782497556,0.00508));
#3275=CARTESIAN_POINT('',(-0.0335828251085733,-0.00810921335427308,0.00508));
#3276=CARTESIAN_POINT('',(-0.0344713630564727,-0.00837265194201322,0.00508));
#3277=CARTESIAN_POINT('',(-0.0344713630564727,-0.00837265194201322,0.00762));
#3278=CARTESIAN_POINT('',(-0.0344713630564727,-0.00837265194201322,0.00508));
#3279=CARTESIAN_POINT('',(-0.037187952942123,-0.00917808136079805,0.00762));
#3280=CARTESIAN_POINT('',(-0.037187952942123,-0.00917808136079805,0.00508));
#3281=CARTESIAN_POINT('',(-0.047930377031489,-0.0150407553347648,0.00762));
#3282=CARTESIAN_POINT('',(-0.047930377031489,-0.0150407553347648,0.00508));
#3283=CARTESIAN_POINT('',(-0.0487684323851581,-0.014195818944681,0.00762));
#3284=CARTESIAN_POINT('',(-0.0487684323851581,-0.014195818944681,0.00508));
#3285=CARTESIAN_POINT('',(-0.05159832556276,-0.0137545309300151,0.00762));
#3286=CARTESIAN_POINT('',(-0.05159832556276,-0.0137545309300151,0.00508));
#3287=CARTESIAN_POINT('',(-0.0488929755745144,-0.016112002981998,0.00762));
#3288=CARTESIAN_POINT('',(-0.0488929755745144,-0.016112002981998,0.00508));
#3289=CARTESIAN_POINT('',(-0.0509633261651892,-0.0158303006378009,0.00762));
#3290=CARTESIAN_POINT('',(-0.0509633261651892,-0.0158303006378009,0.00508));
#3291=CARTESIAN_POINT('',(-0.0524119443688054,-0.0161288077677891,0.00762));
#3292=CARTESIAN_POINT('',(-0.0524119443688054,-0.0161288077677891,0.00508));
#3293=CARTESIAN_POINT('',(-0.0508429369483427,-0.017361963824486,0.00762));
#3294=CARTESIAN_POINT('',(-0.0508429369483427,-0.017361963824486,0.00508));
#3295=CARTESIAN_POINT('',(-0.0502875651399864,-0.0174986404167982,0.00762));
#3296=CARTESIAN_POINT('',(-0.0502875651399864,-0.0174986404167982,0.00508));
#3297=CARTESIAN_POINT('',(-0.0518145542211881,-0.0185846691181989,0.00762));
#3298=CARTESIAN_POINT('',(-0.0518145542211881,-0.0185846691181989,0.00508));
#3299=CARTESIAN_POINT('',(-0.0516768191263568,-0.0194518533815181,0.00762));
#3300=CARTESIAN_POINT('',(-0.0516768191263568,-0.0194518533815181,0.00508));
#3301=CARTESIAN_POINT('',(-0.0503595333594474,-0.0192112306277892,0.00762));
#3302=CARTESIAN_POINT('',(-0.0503595333594474,-0.0192112306277892,0.00508));
#3303=CARTESIAN_POINT('',(-0.0485762955436461,-0.0186079499099674,0.00762));
#3304=CARTESIAN_POINT('',(-0.0485762955436461,-0.0186079499099674,0.00508));
#3305=CARTESIAN_POINT('',(-0.0497804373556115,-0.0200326215994839,0.00762));
#3306=CARTESIAN_POINT('',(-0.0497804373556115,-0.0200326215994839,0.00508));
#3307=CARTESIAN_POINT('',(-0.0507277742962499,-0.0213804954677954,0.00762));
#3308=CARTESIAN_POINT('',(-0.0507277742962499,-0.0213804954677954,0.00508));
#3309=CARTESIAN_POINT('',(-0.0439653727918774,-0.0199135063993927,0.00762));
#3310=CARTESIAN_POINT('',(-0.0439653727918774,-0.0199135063993927,0.00508));
#3311=CARTESIAN_POINT('',(-0.0436427209518305,-0.019432985907014,0.00762));
#3312=CARTESIAN_POINT('',(-0.0436427209518305,-0.019432985907014,0.00508));
#3313=CARTESIAN_POINT('',(-0.0230422390594531,-0.0186320696209994,0.00762));
#3314=CARTESIAN_POINT('',(-0.0230422390594531,-0.0186320696209994,0.00508));
#3315=CARTESIAN_POINT('',(-0.0287655891621189,-0.0149493779854664,0.00762));
#3316=CARTESIAN_POINT('',(-0.0287655891621189,-0.0149493779854664,0.00508));
#3317=CARTESIAN_POINT('',(-0.031299791635369,-0.00902217280024414,0.00762));
#3318=CARTESIAN_POINT('',(-0.031299791635369,-0.00902217280024414,0.00508));
#3319=CARTESIAN_POINT('',(-0.0329863812686409,-0.00836126782497556,0.00762));
#3320=CARTESIAN_POINT('',(-0.0329863812686409,-0.00836126782497556,0.00508));
#3321=CARTESIAN_POINT('',(-0.0335828251085733,-0.00810921335427308,0.00762));
#3322=CARTESIAN_POINT('',(-0.0335828251085733,-0.00810921335427308,0.00508));
#3323=CARTESIAN_POINT('',(-0.0344713630564727,-0.00837265194201322,0.00762));
#3324=CARTESIAN_POINT('',(-0.0344713630564727,-0.00837265194201322,0.00508));
#3325=CARTESIAN_POINT('',(-0.0344713630564727,-0.00837265194201322,0.00762));
#3326=CARTESIAN_POINT('',(-0.037187952942123,-0.00917808136079805,0.00762));
#3327=CARTESIAN_POINT('',(-0.047930377031489,-0.0150407553347648,0.00762));
#3328=CARTESIAN_POINT('',(-0.0487684323851581,-0.014195818944681,0.00762));
#3329=CARTESIAN_POINT('',(-0.05159832556276,-0.0137545309300151,0.00762));
#3330=CARTESIAN_POINT('',(-0.0488929755745144,-0.016112002981998,0.00762));
#3331=CARTESIAN_POINT('',(-0.0509633261651892,-0.0158303006378009,0.00762));
#3332=CARTESIAN_POINT('',(-0.0524119443688054,-0.0161288077677891,0.00762));
#3333=CARTESIAN_POINT('',(-0.0508429369483427,-0.017361963824486,0.00762));
#3334=CARTESIAN_POINT('',(-0.0502875651399864,-0.0174986404167982,0.00762));
#3335=CARTESIAN_POINT('',(-0.0518145542211881,-0.0185846691181989,0.00762));
#3336=CARTESIAN_POINT('',(-0.0516768191263568,-0.0194518533815181,0.00762));
#3337=CARTESIAN_POINT('',(-0.0503595333594474,-0.0192112306277892,0.00762));
#3338=CARTESIAN_POINT('',(-0.0485762955436461,-0.0186079499099674,0.00762));
#3339=CARTESIAN_POINT('',(-0.0497804373556115,-0.0200326215994839,0.00762));
#3340=CARTESIAN_POINT('',(-0.0507277742962499,-0.0213804954677954,0.00762));
#3341=CARTESIAN_POINT('',(-0.0439653727918774,-0.0199135063993927,0.00762));
#3342=CARTESIAN_POINT('',(-0.0436427209518305,-0.019432985907014,0.00762));
#3343=CARTESIAN_POINT('',(-0.0230422390594531,-0.0186320696209994,0.00762));
#3344=CARTESIAN_POINT('',(-0.0287655891621189,-0.0149493779854664,0.00762));
#3345=CARTESIAN_POINT('',(-0.031299791635369,-0.00902217280024414,0.00762));
#3346=CARTESIAN_POINT('',(-0.0329863812686409,-0.00836126782497556,0.00762));
#3347=CARTESIAN_POINT('',(-0.0335828251085733,-0.00810921335427308,0.00762));
#3348=CARTESIAN_POINT('',(-0.0344713630564727,-0.00837265194201322,0.00762));
#3349=CARTESIAN_POINT('',(-0.0344713630564727,-0.00837265194201322,0.00762));
#3350=CARTESIAN_POINT('',(-0.0177439946449022,-0.0264386631956782,0.00762));
#3351=CARTESIAN_POINT('',(-0.0177439946449022,-0.0264386631956782,0.00508));
#3352=CARTESIAN_POINT('',(0.00733758371192719,-0.0327779239117628,0.00508));
#3353=CARTESIAN_POINT('',(0.0068931998106874,-0.033256540193649,0.00508));
#3354=CARTESIAN_POINT('',(0.00924715747551357,-0.0386250741696128,0.00508));
#3355=CARTESIAN_POINT('',(0.014263009989596,-0.0423484180760906,0.00508));
#3356=CARTESIAN_POINT('',(0.0130272762487488,-0.0397151385297653,0.00508));
#3357=CARTESIAN_POINT('',(0.0150029677397429,-0.0423562493826856,0.00508));
#3358=CARTESIAN_POINT('',(0.0167390068560405,-0.0429025239828667,0.00508));
#3359=CARTESIAN_POINT('',(0.0166029230830052,-0.0416712982087741,0.00508));
#3360=CARTESIAN_POINT('',(0.0149987933684635,-0.0385702097859701,0.00508));
#3361=CARTESIAN_POINT('',(0.0166136020675009,-0.0409879949683801,0.00508));
#3362=CARTESIAN_POINT('',(0.0171976229100331,-0.0384071439650654,0.00508));
#3363=CARTESIAN_POINT('',(0.0156732640775795,-0.0366105512793807,0.00508));
#3364=CARTESIAN_POINT('',(0.0141497804403197,-0.0306442912651103,0.00508));
#3365=CARTESIAN_POINT('',(0.0125593397120376,-0.03294157408744,0.00508));
#3366=CARTESIAN_POINT('',(0.00942439584937521,-0.0336429595726265,0.00508));
#3367=CARTESIAN_POINT('',(0.0075894546038494,-0.0325066505612412,0.00508));
#3368=CARTESIAN_POINT('',(0.00733758371192719,-0.0327779239117628,0.00508));
#3369=CARTESIAN_POINT('',(-0.0177439946449022,-0.0264386631956782,0.00508));
#3370=CARTESIAN_POINT('',(0.00733758371192719,-0.0327779239117628,0.00508));
#3371=CARTESIAN_POINT('',(0.0068931998106874,-0.033256540193649,0.00508));
#3372=CARTESIAN_POINT('',(0.00924715747551357,-0.0386250741696128,0.00508));
#3373=CARTESIAN_POINT('',(0.014263009989596,-0.0423484180760906,0.00508));
#3374=CARTESIAN_POINT('',(0.0130272762487488,-0.0397151385297653,0.00508));
#3375=CARTESIAN_POINT('',(0.0150029677397429,-0.0423562493826856,0.00508));
#3376=CARTESIAN_POINT('',(0.0167390068560405,-0.0429025239828667,0.00508));
#3377=CARTESIAN_POINT('',(0.0166029230830052,-0.0416712982087741,0.00508));
#3378=CARTESIAN_POINT('',(0.0149987933684635,-0.0385702097859701,0.00508));
#3379=CARTESIAN_POINT('',(0.0166136020675009,-0.0409879949683801,0.00508));
#3380=CARTESIAN_POINT('',(0.0171976229100331,-0.0384071439650654,0.00508));
#3381=CARTESIAN_POINT('',(0.0156732640775795,-0.0366105512793807,0.00508));
#3382=CARTESIAN_POINT('',(0.0141497804403197,-0.0306442912651103,0.00508));
#3383=CARTESIAN_POINT('',(0.0125593397120376,-0.03294157408744,0.00508));
#3384=CARTESIAN_POINT('',(0.00942439584937521,-0.0336429595726265,0.00508));
#3385=CARTESIAN_POINT('',(0.0075894546038494,-0.0325066505612412,0.00508));
#3386=CARTESIAN_POINT('',(0.00733758371192719,-0.0327779239117628,0.00508));
#3387=CARTESIAN_POINT('',(0.00733758371192719,-0.0327779239117628,0.00762));
#3388=CARTESIAN_POINT('',(0.00733758371192719,-0.0327779239117628,0.00508));
#3389=CARTESIAN_POINT('',(0.0068931998106874,-0.033256540193649,0.00762));
#3390=CARTESIAN_POINT('',(0.0068931998106874,-0.033256540193649,0.00508));
#3391=CARTESIAN_POINT('',(0.00924715747551357,-0.0386250741696128,0.00762));
#3392=CARTESIAN_POINT('',(0.00924715747551357,-0.0386250741696128,0.00508));
#3393=CARTESIAN_POINT('',(0.014263009989596,-0.0423484180760906,0.00762));
#3394=CARTESIAN_POINT('',(0.014263009989596,-0.0423484180760906,0.00508));
#3395=CARTESIAN_POINT('',(0.0130272762487488,-0.0397151385297653,0.00762));
#3396=CARTESIAN_POINT('',(0.0130272762487488,-0.0397151385297653,0.00508));
#3397=CARTESIAN_POINT('',(0.0150029677397429,-0.0423562493826856,0.00762));
#3398=CARTESIAN_POINT('',(0.0150029677397429,-0.0423562493826856,0.00508));
#3399=CARTESIAN_POINT('',(0.0167390068560405,-0.0429025239828667,0.00762));
#3400=CARTESIAN_POINT('',(0.0167390068560405,-0.0429025239828667,0.00508));
#3401=CARTESIAN_POINT('',(0.0166029230830052,-0.0416712982087741,0.00762));
#3402=CARTESIAN_POINT('',(0.0166029230830052,-0.0416712982087741,0.00508));
#3403=CARTESIAN_POINT('',(0.0149987933684635,-0.0385702097859701,0.00762));
#3404=CARTESIAN_POINT('',(0.0149987933684635,-0.0385702097859701,0.00508));
#3405=CARTESIAN_POINT('',(0.0166136020675009,-0.0409879949683801,0.00762));
#3406=CARTESIAN_POINT('',(0.0166136020675009,-0.0409879949683801,0.00508));
#3407=CARTESIAN_POINT('',(0.0171976229100331,-0.0384071439650654,0.00762));
#3408=CARTESIAN_POINT('',(0.0171976229100331,-0.0384071439650654,0.00508));
#3409=CARTESIAN_POINT('',(0.0156732640775795,-0.0366105512793807,0.00762));
#3410=CARTESIAN_POINT('',(0.0156732640775795,-0.0366105512793807,0.00508));
#3411=CARTESIAN_POINT('',(0.0141497804403197,-0.0306442912651103,0.00762));
#3412=CARTESIAN_POINT('',(0.0141497804403197,-0.0306442912651103,0.00508));
#3413=CARTESIAN_POINT('',(0.0125593397120376,-0.03294157408744,0.00762));
#3414=CARTESIAN_POINT('',(0.0125593397120376,-0.03294157408744,0.00508));
#3415=CARTESIAN_POINT('',(0.00942439584937521,-0.0336429595726265,0.00762));
#3416=CARTESIAN_POINT('',(0.00942439584937521,-0.0336429595726265,0.00508));
#3417=CARTESIAN_POINT('',(0.0075894546038494,-0.0325066505612412,0.00762));
#3418=CARTESIAN_POINT('',(0.0075894546038494,-0.0325066505612412,0.00508));
#3419=CARTESIAN_POINT('',(0.00733758371192719,-0.0327779239117628,0.00762));
#3420=CARTESIAN_POINT('',(0.00733758371192719,-0.0327779239117628,0.00508));
#3421=CARTESIAN_POINT('',(0.00733758371192719,-0.0327779239117628,0.00762));
#3422=CARTESIAN_POINT('',(0.0068931998106874,-0.033256540193649,0.00762));
#3423=CARTESIAN_POINT('',(0.00924715747551357,-0.0386250741696128,0.00762));
#3424=CARTESIAN_POINT('',(0.014263009989596,-0.0423484180760906,0.00762));
#3425=CARTESIAN_POINT('',(0.0130272762487488,-0.0397151385297653,0.00762));
#3426=CARTESIAN_POINT('',(0.0150029677397429,-0.0423562493826856,0.00762));
#3427=CARTESIAN_POINT('',(0.0167390068560405,-0.0429025239828667,0.00762));
#3428=CARTESIAN_POINT('',(0.0166029230830052,-0.0416712982087741,0.00762));
#3429=CARTESIAN_POINT('',(0.0149987933684635,-0.0385702097859701,0.00762));
#3430=CARTESIAN_POINT('',(0.0166136020675009,-0.0409879949683801,0.00762));
#3431=CARTESIAN_POINT('',(0.0171976229100331,-0.0384071439650654,0.00762));
#3432=CARTESIAN_POINT('',(0.0156732640775795,-0.0366105512793807,0.00762));
#3433=CARTESIAN_POINT('',(0.0141497804403197,-0.0306442912651103,0.00762));
#3434=CARTESIAN_POINT('',(0.0125593397120376,-0.03294157408744,0.00762));
#3435=CARTESIAN_POINT('',(0.00942439584937521,-0.0336429595726265,0.00762));
#3436=CARTESIAN_POINT('',(0.0075894546038494,-0.0325066505612412,0.00762));
#3437=CARTESIAN_POINT('',(0.00733758371192719,-0.0327779239117628,0.00762));
#3438=CARTESIAN_POINT('',(0.00733758371192719,-0.0327779239117628,0.00762));
#3439=CARTESIAN_POINT('',(-0.0177439946449022,-0.0264386631956782,0.00762));
#3440=CARTESIAN_POINT('',(0.,0.,0.));
#3441=CARTESIAN_POINT('',(0.112458951771259,-0.0146669559180737,0.004572));
#3442=CARTESIAN_POINT('',(0.112458951771259,-0.0146669559180736,0.004572));
#3443=CARTESIAN_POINT('',(0.137858951771259,-0.0146669559180736,0.004572));
#3444=CARTESIAN_POINT('',(0.087148788702488,-0.0146669559180737,0.004572));
#3445=CARTESIAN_POINT('',(0.087148788702488,-0.0128711123490334,0.004572));
#3446=CARTESIAN_POINT('',(0.087148788702488,-0.0166811123490333,0.004572));
#3447=CARTESIAN_POINT('',(0.112458951771259,-0.0128711123490334,0.004572));
#3448=CARTESIAN_POINT('',(0.103104777789793,-0.0128711123490333,0.004572));
#3449=CARTESIAN_POINT('',(0.112458951771259,-0.0146669559180737,0.004572));
#3450=CARTESIAN_POINT('',(0.121813125752725,-0.0128711123490333,0.004572));
#3451=CARTESIAN_POINT('',(0.112458951771259,-0.0128711123490334,0.004572));
#3452=CARTESIAN_POINT('',(0.137694788702488,-0.0128711123490334,0.004572));
#3453=CARTESIAN_POINT('',(0.137694788702488,-0.0146669559180737,0.004572));
#3454=CARTESIAN_POINT('',(0.137694788702488,-0.0166811123490333,0.004572));
#3455=CARTESIAN_POINT('',(0.112458951771259,-0.0166811123490333,0.004572));
#3456=CARTESIAN_POINT('',(0.121768559650844,-0.0166811123490333,0.004572));
#3457=CARTESIAN_POINT('',(0.112458951771259,-0.0146669559180736,0.004572));
#3458=CARTESIAN_POINT('',(0.103149343891675,-0.0166811123490333,0.004572));
#3459=CARTESIAN_POINT('',(0.112458951771259,-0.0166811123490333,0.004572));
#3460=CARTESIAN_POINT('',(0.158161416649819,-0.0155910178303718,0.00508));
#3461=CARTESIAN_POINT('',(0.158161416649819,-0.0155910178303718,0.));
#3462=CARTESIAN_POINT('',(0.158161416649819,0.00345898216962815,0.));
#3463=CARTESIAN_POINT('',(0.158161416649819,-0.0346410178303719,0.));
#3464=CARTESIAN_POINT('',(0.158161416649819,0.00345898216962815,0.00508));
#3465=CARTESIAN_POINT('',(0.158161416649819,0.00345898216962815,0.00508));
#3466=CARTESIAN_POINT('',(0.158161416649819,-0.0155910178303718,0.00508));
#3467=CARTESIAN_POINT('',(0.158161416649819,-0.0346410178303719,0.00508));
#3468=CARTESIAN_POINT('',(0.158161416649819,-0.0346410178303719,0.00508));
#3469=CARTESIAN_POINT('',(0.132761416649818,0.00345898216962815,0.00508));
#3470=CARTESIAN_POINT('',(0.132761416649818,0.00345898216962815,0.));
#3471=CARTESIAN_POINT('',(0.132761416649818,0.0288589821696282,0.));
#3472=CARTESIAN_POINT('',(0.132761416649818,0.0288589821696282,0.00508));
#3473=CARTESIAN_POINT('',(0.132761416649818,0.0288589821696282,0.00508));
#3474=CARTESIAN_POINT('',(0.132761416649818,0.00345898216962815,0.00508));
#3475=CARTESIAN_POINT('',(0.113711416649818,0.0288589821696282,0.00508));
#3476=CARTESIAN_POINT('',(0.113711416649818,0.0288589821696282,0.));
#3477=CARTESIAN_POINT('',(0.0946614166498184,0.0288589821696282,0.));
#3478=CARTESIAN_POINT('',(0.0946614166498184,0.0288589821696282,0.00508));
#3479=CARTESIAN_POINT('',(0.0946614166498184,0.0288589821696282,0.00508));
#3480=CARTESIAN_POINT('',(0.113711416649818,0.0288589821696282,0.00508));
#3481=CARTESIAN_POINT('',(0.0946614166498184,0.00345898216962813,0.00508));
#3482=CARTESIAN_POINT('',(0.0946614166498184,0.00345898216962813,0.));
#3483=CARTESIAN_POINT('',(0.0692614166498184,0.00345898216962815,0.));
#3484=CARTESIAN_POINT('',(0.0692614166498184,0.00345898216962815,0.00508));
#3485=CARTESIAN_POINT('',(0.0692614166498184,0.00345898216962815,0.00508));
#3486=CARTESIAN_POINT('',(0.0946614166498184,0.00345898216962813,0.00508));
#3487=CARTESIAN_POINT('',(0.0692614166498184,-0.0155910178303718,0.00508));
#3488=CARTESIAN_POINT('',(0.0692614166498184,-0.0155910178303718,0.));
#3489=CARTESIAN_POINT('',(0.0692614166498184,-0.0346410178303719,0.));
#3490=CARTESIAN_POINT('',(0.0692614166498184,-0.0346410178303719,0.00508));
#3491=CARTESIAN_POINT('',(0.0692614166498184,-0.0346410178303719,0.00508));
#3492=CARTESIAN_POINT('',(0.0692614166498184,-0.0155910178303718,0.00508));
#3493=CARTESIAN_POINT('',(0.0946614166498184,-0.0346410178303719,0.00508));
#3494=CARTESIAN_POINT('',(0.0946614166498184,-0.0346410178303719,0.));
#3495=CARTESIAN_POINT('',(0.0946614166498184,-0.0600410178303719,0.));
#3496=CARTESIAN_POINT('',(0.0946614166498184,-0.0600410178303719,0.00508));
#3497=CARTESIAN_POINT('',(0.0946614166498184,-0.0600410178303719,0.00508));
#3498=CARTESIAN_POINT('',(0.0946614166498184,-0.0346410178303719,0.00508));
#3499=CARTESIAN_POINT('',(0.113711416649818,-0.0600410178303719,0.00508));
#3500=CARTESIAN_POINT('',(0.113711416649818,-0.0600410178303719,0.));
#3501=CARTESIAN_POINT('',(0.132761416649818,-0.0600410178303719,0.));
#3502=CARTESIAN_POINT('',(0.132761416649818,-0.0600410178303719,0.00508));
#3503=CARTESIAN_POINT('',(0.132761416649818,-0.0600410178303719,0.00508));
#3504=CARTESIAN_POINT('',(0.113711416649818,-0.0600410178303719,0.00508));
#3505=CARTESIAN_POINT('',(0.132761416649818,-0.0346410178303718,0.00508));
#3506=CARTESIAN_POINT('',(0.132761416649818,-0.0346410178303718,0.));
#3507=CARTESIAN_POINT('',(0.132761416649818,-0.0346410178303718,0.00508));
#3508=CARTESIAN_POINT('',(0.113711416649818,-0.0155910178303718,0.00508));
#3509=CARTESIAN_POINT('',(0.112458951771259,-0.0146669559180736,0.00508));
#3510=CARTESIAN_POINT('',(0.137858951771259,-0.0146669559180736,0.00508));
#3511=CARTESIAN_POINT('',(0.113711416649818,-0.0155910178303718,0.));
#3512=CARTESIAN_POINT('',(0.112458951771259,-0.0146669559180736,0.004572));
#3513=CARTESIAN_POINT('',(0.0951267832461406,-0.0128711123490334,0.003556));
#3514=CARTESIAN_POINT('',(0.087148788702488,-0.0128711123490334,0.003556));
#3515=CARTESIAN_POINT('',(0.087148788702488,-0.0128711123490334,0.003556));
#3516=CARTESIAN_POINT('',(0.0951267832461406,-0.0128711123490334,0.003556));
#3517=CARTESIAN_POINT('',(0.103104777789793,-0.0128711123490333,0.003556));
#3518=CARTESIAN_POINT('',(0.103104777789793,-0.0128711123490333,0.003556));
#3519=CARTESIAN_POINT('',(0.087148788702488,-0.0147761123490334,0.003556));
#3520=CARTESIAN_POINT('',(0.087148788702488,-0.0166811123490333,0.003556));
#3521=CARTESIAN_POINT('',(0.087148788702488,-0.0166811123490333,0.003556));
#3522=CARTESIAN_POINT('',(0.087148788702488,-0.0147761123490334,0.003556));
#3523=CARTESIAN_POINT('',(0.0951490662970813,-0.0166811123490333,0.003556));
#3524=CARTESIAN_POINT('',(0.103149343891675,-0.0166811123490333,0.003556));
#3525=CARTESIAN_POINT('',(0.103149343891675,-0.0166811123490333,0.003556));
#3526=CARTESIAN_POINT('',(0.0951490662970813,-0.0166811123490333,0.003556));
#3527=CARTESIAN_POINT('',(0.112458951771259,-0.0146669559180736,0.003556));
#3528=CARTESIAN_POINT('',(0.121768559650844,-0.0166811123490333,0.003556));
#3529=CARTESIAN_POINT('',(0.121768559650844,-0.0166811123490333,0.003556));
#3530=CARTESIAN_POINT('',(0.112458951771259,-0.0146669559180736,0.003556));
#3531=CARTESIAN_POINT('',(0.129731674176666,-0.0166811123490333,0.003556));
#3532=CARTESIAN_POINT('',(0.137694788702488,-0.0166811123490333,0.003556));
#3533=CARTESIAN_POINT('',(0.137694788702488,-0.0166811123490333,0.003556));
#3534=CARTESIAN_POINT('',(0.129731674176666,-0.0166811123490333,0.003556));
#3535=CARTESIAN_POINT('',(0.137694788702488,-0.0147761123490334,0.003556));
#3536=CARTESIAN_POINT('',(0.137694788702488,-0.0128711123490334,0.003556));
#3537=CARTESIAN_POINT('',(0.137694788702488,-0.0128711123490334,0.003556));
#3538=CARTESIAN_POINT('',(0.137694788702488,-0.0147761123490334,0.003556));
#3539=CARTESIAN_POINT('',(0.129753957227607,-0.0128711123490334,0.003556));
#3540=CARTESIAN_POINT('',(0.121813125752725,-0.0128711123490333,0.003556));
#3541=CARTESIAN_POINT('',(0.121813125752725,-0.0128711123490333,0.003556));
#3542=CARTESIAN_POINT('',(0.129753957227607,-0.0128711123490334,0.003556));
#3543=CARTESIAN_POINT('',(0.112458951771259,-0.0146669559180737,0.003556));
#3544=CARTESIAN_POINT('',(0.112458951771259,-0.0146669559180737,0.003556));
#3545=CARTESIAN_POINT('',(0.112421788702488,-0.0146669559180736,0.003556));
#3546=CARTESIAN_POINT('',(0.112458951771259,-0.0146669559180736,0.003556));
#3547=CARTESIAN_POINT('',(0.118172142421106,-0.0146669559180736,0.003556));
#3548=CARTESIAN_POINT('',(0.112458951771259,-0.0146669559180736,0.003048));
#3549=CARTESIAN_POINT('',(0.112458951771259,-0.0146669559180736,0.00508));
#3550=CARTESIAN_POINT('',(0.118172142421106,-0.0146669559180736,0.00508));
#3551=CARTESIAN_POINT('',(0.112458951771259,-0.0146669559180737,0.00508));
#3552=CARTESIAN_POINT('',(0.112458951771259,-0.0146669559180736,0.00508));
#3553=CARTESIAN_POINT('',(0.116194779920278,-0.0146669559180736,0.00508));
#3554=CARTESIAN_POINT('',(0.112458951771259,-0.0146669559180736,0.004826));
#3555=CARTESIAN_POINT('',(0.112458951771259,-0.0146669559180736,0.004826));
#3556=CARTESIAN_POINT('',(0.116194779920278,-0.0146669559180736,0.004826));
#3557=CARTESIAN_POINT('',(0.112458951771259,-0.0146669559180737,0.004826));
#3558=CARTESIAN_POINT('',(0.,0.,0.));
#3559=CARTESIAN_POINT('',(0.0153665709591241,-0.108094571613129,0.004572));
#3560=CARTESIAN_POINT('',(0.,-0.0831828340888023,0.004572));
#3561=CARTESIAN_POINT('',(0.000628785911091193,-0.0831828340888023,0.004572));
#3562=CARTESIAN_POINT('',(0.0154715124517679,-0.084968164563179,0.004572));
#3563=CARTESIAN_POINT('',(0.0162169424526071,-0.084968164563179,0.004572));
#3564=CARTESIAN_POINT('',(-0.00889403356802905,-0.0777966584934965,0.004572));
#3565=CARTESIAN_POINT('',(-0.00709808096755136,-0.0762088874299505,0.004572));
#3566=CARTESIAN_POINT('',(-0.0016131231244131,-0.0717140798431233,0.004572));
#3567=CARTESIAN_POINT('',(0.00546574483786089,-0.0788024611319945,0.004572));
#3568=CARTESIAN_POINT('',(0.0128358880093514,-0.0782955248762289,0.004572));
#3569=CARTESIAN_POINT('',(0.0194929609133127,-0.0747064109085203,0.004572));
#3570=CARTESIAN_POINT('',(0.0227711418704025,-0.0732334668501179,0.004572));
#3571=CARTESIAN_POINT('',(0.0301294370671658,-0.0788950628334543,0.004572));
#3572=CARTESIAN_POINT('',(0.0309465109642166,-0.0866451132335698,0.004572));
#3573=CARTESIAN_POINT('',(0.0483586464372361,-0.0884191299347874,0.004572));
#3574=CARTESIAN_POINT('',(0.0510235626823961,-0.0911000645412975,0.004572));
#3575=CARTESIAN_POINT('',(0.0528739172796936,-0.0963742415708766,0.004572));
#3576=CARTESIAN_POINT('',(0.0392549153145273,-0.101776066594964,0.004572));
#3577=CARTESIAN_POINT('',(0.0538580066557682,-0.126292294870133,0.004572));
#3578=CARTESIAN_POINT('',(0.0551033834772601,-0.130683859401237,0.004572));
#3579=CARTESIAN_POINT('',(0.0506823114808482,-0.141383705041208,0.004572));
#3580=CARTESIAN_POINT('',(0.037518044932338,-0.134419792358177,0.004572));
#3581=CARTESIAN_POINT('',(0.0236698801665389,-0.141671393633737,0.004572));
#3582=CARTESIAN_POINT('',(0.0158524185277403,-0.144475063383134,0.004572));
#3583=CARTESIAN_POINT('',(0.00125326840821637,-0.137420422084476,0.004572));
#3584=CARTESIAN_POINT('',(-0.00552876761125993,-0.133347940781059,0.004572));
#3585=CARTESIAN_POINT('',(-0.0168859434523335,-0.139635761214822,0.004572));
#3586=CARTESIAN_POINT('',(-0.0237698405633658,-0.132772875950208,0.004572));
#3587=CARTESIAN_POINT('',(-0.022980185009597,-0.122743958545113,0.004572));
#3588=CARTESIAN_POINT('',(-0.0187637494289594,-0.114815725945506,0.004572));
#3589=CARTESIAN_POINT('',(-0.0127731156603018,-0.102713746261657,0.004572));
#3590=CARTESIAN_POINT('',(-0.024370241559012,-0.0920840539857669,0.004572));
#3591=CARTESIAN_POINT('',(-0.0227539922652168,-0.0788870189657368,0.004572));
#3592=CARTESIAN_POINT('',(-0.012192774323931,-0.0809425372769947,0.004572));
#3593=CARTESIAN_POINT('',(-0.0102314705194351,-0.0789790636918268,0.004572));
#3594=CARTESIAN_POINT('',(-0.00889403356802905,-0.0777966584934965,0.004572));
#3595=CARTESIAN_POINT('',(-0.00889403356802905,-0.0777966584934965,0.004572));
#3596=CARTESIAN_POINT('',(-0.00482901744544506,-0.0870503187179565,0.004572));
#3597=CARTESIAN_POINT('',(-0.00472555327566376,-0.0870824428803155,0.004572));
#3598=CARTESIAN_POINT('',(-0.00445044226446903,-0.0871392593566827,0.004572));
#3599=CARTESIAN_POINT('',(-0.00139139856341,-0.0877843679052946,0.004572));
#3600=CARTESIAN_POINT('',(0.00107144764735777,-0.0875837845054738,0.004572));
#3601=CARTESIAN_POINT('',(0.00338180657637901,-0.0875770687426725,0.004572));
#3602=CARTESIAN_POINT('',(0.00584347466229271,-0.0882944615879434,0.004572));
#3603=CARTESIAN_POINT('',(0.00925393755232166,-0.0881460653946991,0.004572));
#3604=CARTESIAN_POINT('',(0.0124111820395093,-0.0883072160597063,0.004572));
#3605=CARTESIAN_POINT('',(0.0148061360908685,-0.087855530989994,0.004572));
#3606=CARTESIAN_POINT('',(0.0167124503413384,-0.0871256824724907,0.004572));
#3607=CARTESIAN_POINT('',(0.0189366037901426,-0.0870914707301471,0.004572));
#3608=CARTESIAN_POINT('',(0.0186982125975779,-0.0881607331942109,0.004572));
#3609=CARTESIAN_POINT('',(0.0186695243365086,-0.0881208526454292,0.004572));
#3610=CARTESIAN_POINT('',(0.0181749537787297,-0.0891662798857118,0.004572));
#3611=CARTESIAN_POINT('',(0.0146942504730363,-0.0895312640226883,0.004572));
#3612=CARTESIAN_POINT('',(0.0113653936195738,-0.0898517901378941,0.004572));
#3613=CARTESIAN_POINT('',(0.010181463362616,-0.0897819322384381,0.004572));
#3614=CARTESIAN_POINT('',(0.00826768621424724,-0.0898651000450262,0.004572));
#3615=CARTESIAN_POINT('',(0.00713603053186898,-0.0899911416295478,0.004572));
#3616=CARTESIAN_POINT('',(0.00500432096874856,-0.0898992612681413,0.004572));
#3617=CARTESIAN_POINT('',(0.00282825975117415,-0.0901295935246943,0.004572));
#3618=CARTESIAN_POINT('',(-1.59647845687219E-5,-0.0897485873428478,0.004572));
#3619=CARTESIAN_POINT('',(-0.0023549330965346,-0.089743397298786,0.004572));
#3620=CARTESIAN_POINT('',(-0.00467544009510618,-0.0888619104774181,0.004572));
#3621=CARTESIAN_POINT('',(-0.00637514680857683,-0.0883601053532369,0.004572));
#3622=CARTESIAN_POINT('',(-0.00665456161907839,-0.0865358686907923,0.004572));
#3623=CARTESIAN_POINT('',(-0.00540080326971842,-0.0868438617726333,0.004572));
#3624=CARTESIAN_POINT('',(-0.0049667244637575,-0.0870075626351156,0.004572));
#3625=CARTESIAN_POINT('',(-0.00482901744544506,-0.0870503187179565,0.004572));
#3626=CARTESIAN_POINT('',(-0.00482901744544506,-0.0870503187179565,0.004572));
#3627=CARTESIAN_POINT('',(0.0145662053704262,-0.10618288807869,0.00508));
#3628=CARTESIAN_POINT('',(0.0590162053704262,-0.10618288807869,0.00508));
#3629=CARTESIAN_POINT('',(0.0590162053704262,-0.0871328880786896,0.00508));
#3630=CARTESIAN_POINT('',(0.0590162053704262,-0.12523288807869,0.00508));
#3631=CARTESIAN_POINT('',(0.0336162053704262,-0.0871328880786896,0.00508));
#3632=CARTESIAN_POINT('',(0.0336162053704262,-0.0617328880786896,0.00508));
#3633=CARTESIAN_POINT('',(0.0145662053704262,-0.0617328880786896,0.00508));
#3634=CARTESIAN_POINT('',(-0.00448379462957383,-0.0617328880786896,0.00508));
#3635=CARTESIAN_POINT('',(-0.00448379462957382,-0.0871328880786896,0.00508));
#3636=CARTESIAN_POINT('',(-0.0298837946295738,-0.0871328880786896,0.00508));
#3637=CARTESIAN_POINT('',(-0.0298837946295738,-0.10618288807869,0.00508));
#3638=CARTESIAN_POINT('',(-0.0298837946295738,-0.12523288807869,0.00508));
#3639=CARTESIAN_POINT('',(-0.0044837946295738,-0.12523288807869,0.00508));
#3640=CARTESIAN_POINT('',(-0.0044837946295738,-0.150632888078689,0.00508));
#3641=CARTESIAN_POINT('',(0.0145662053704262,-0.150632888078689,0.00508));
#3642=CARTESIAN_POINT('',(0.0336162053704262,-0.150632888078689,0.00508));
#3643=CARTESIAN_POINT('',(0.0336162053704262,-0.12523288807869,0.00508));
#3644=CARTESIAN_POINT('',(-0.00889403356802905,-0.0777966584934965,0.00508));
#3645=CARTESIAN_POINT('',(-0.00709808096755136,-0.0762088874299505,0.00508));
#3646=CARTESIAN_POINT('',(-0.0016131231244131,-0.0717140798431233,0.00508));
#3647=CARTESIAN_POINT('',(0.00546574483786089,-0.0788024611319945,0.00508));
#3648=CARTESIAN_POINT('',(0.0128358880093514,-0.0782955248762289,0.00508));
#3649=CARTESIAN_POINT('',(0.0194929609133127,-0.0747064109085203,0.00508));
#3650=CARTESIAN_POINT('',(0.0227711418704025,-0.0732334668501179,0.00508));
#3651=CARTESIAN_POINT('',(0.0301294370671658,-0.0788950628334543,0.00508));
#3652=CARTESIAN_POINT('',(0.0309465109642166,-0.0866451132335698,0.00508));
#3653=CARTESIAN_POINT('',(0.0483586464372361,-0.0884191299347874,0.00508));
#3654=CARTESIAN_POINT('',(0.0510235626823961,-0.0911000645412975,0.00508));
#3655=CARTESIAN_POINT('',(0.0528739172796936,-0.0963742415708766,0.00508));
#3656=CARTESIAN_POINT('',(0.0392549153145273,-0.101776066594964,0.00508));
#3657=CARTESIAN_POINT('',(0.0538580066557682,-0.126292294870133,0.00508));
#3658=CARTESIAN_POINT('',(0.0551033834772601,-0.130683859401237,0.00508));
#3659=CARTESIAN_POINT('',(0.0506823114808482,-0.141383705041208,0.00508));
#3660=CARTESIAN_POINT('',(0.037518044932338,-0.134419792358177,0.00508));
#3661=CARTESIAN_POINT('',(0.0236698801665389,-0.141671393633737,0.00508));
#3662=CARTESIAN_POINT('',(0.0158524185277403,-0.144475063383134,0.00508));
#3663=CARTESIAN_POINT('',(0.00125326840821637,-0.137420422084476,0.00508));
#3664=CARTESIAN_POINT('',(-0.00552876761125993,-0.133347940781059,0.00508));
#3665=CARTESIAN_POINT('',(-0.0168859434523335,-0.139635761214822,0.00508));
#3666=CARTESIAN_POINT('',(-0.0237698405633658,-0.132772875950208,0.00508));
#3667=CARTESIAN_POINT('',(-0.022980185009597,-0.122743958545113,0.00508));
#3668=CARTESIAN_POINT('',(-0.0187637494289594,-0.114815725945506,0.00508));
#3669=CARTESIAN_POINT('',(-0.0127731156603018,-0.102713746261657,0.00508));
#3670=CARTESIAN_POINT('',(-0.024370241559012,-0.0920840539857669,0.00508));
#3671=CARTESIAN_POINT('',(-0.0227539922652168,-0.0788870189657368,0.00508));
#3672=CARTESIAN_POINT('',(-0.012192774323931,-0.0809425372769947,0.00508));
#3673=CARTESIAN_POINT('',(-0.0102314705194351,-0.0789790636918268,0.00508));
#3674=CARTESIAN_POINT('',(-0.00889403356802905,-0.0777966584934965,0.00508));
#3675=CARTESIAN_POINT('',(-0.00889403356802905,-0.0777966584934965,0.00508));
#3676=CARTESIAN_POINT('',(0.0590162053704262,-0.10618288807869,0.00508));
#3677=CARTESIAN_POINT('',(0.0590162053704262,-0.10618288807869,0.));
#3678=CARTESIAN_POINT('',(0.0590162053704262,-0.0871328880786896,0.));
#3679=CARTESIAN_POINT('',(0.0590162053704262,-0.12523288807869,0.));
#3680=CARTESIAN_POINT('',(0.0590162053704262,-0.0871328880786896,0.00508));
#3681=CARTESIAN_POINT('',(0.0590162053704262,-0.12523288807869,0.00508));
#3682=CARTESIAN_POINT('',(0.0336162053704262,-0.0871328880786896,0.00508));
#3683=CARTESIAN_POINT('',(0.0336162053704262,-0.0871328880786896,0.));
#3684=CARTESIAN_POINT('',(0.0336162053704262,-0.0617328880786896,0.));
#3685=CARTESIAN_POINT('',(0.0336162053704262,-0.0617328880786896,0.00508));
#3686=CARTESIAN_POINT('',(0.0145662053704262,-0.0617328880786896,0.00508));
#3687=CARTESIAN_POINT('',(0.0145662053704262,-0.0617328880786896,0.));
#3688=CARTESIAN_POINT('',(-0.00448379462957383,-0.0617328880786896,0.));
#3689=CARTESIAN_POINT('',(-0.00448379462957383,-0.0617328880786896,0.00508));
#3690=CARTESIAN_POINT('',(-0.00448379462957382,-0.0871328880786896,0.00508));
#3691=CARTESIAN_POINT('',(-0.00448379462957382,-0.0871328880786896,0.));
#3692=CARTESIAN_POINT('',(-0.0298837946295738,-0.0871328880786896,0.));
#3693=CARTESIAN_POINT('',(-0.0298837946295738,-0.0871328880786896,0.00508));
#3694=CARTESIAN_POINT('',(-0.0298837946295738,-0.10618288807869,0.00508));
#3695=CARTESIAN_POINT('',(-0.0298837946295738,-0.10618288807869,0.));
#3696=CARTESIAN_POINT('',(-0.0298837946295738,-0.12523288807869,0.));
#3697=CARTESIAN_POINT('',(-0.0298837946295738,-0.12523288807869,0.00508));
#3698=CARTESIAN_POINT('',(-0.0044837946295738,-0.12523288807869,0.00508));
#3699=CARTESIAN_POINT('',(-0.0044837946295738,-0.12523288807869,0.));
#3700=CARTESIAN_POINT('',(-0.0044837946295738,-0.150632888078689,0.));
#3701=CARTESIAN_POINT('',(-0.0044837946295738,-0.150632888078689,0.00508));
#3702=CARTESIAN_POINT('',(0.0145662053704262,-0.150632888078689,0.00508));
#3703=CARTESIAN_POINT('',(0.0145662053704262,-0.150632888078689,0.));
#3704=CARTESIAN_POINT('',(0.0336162053704262,-0.150632888078689,0.));
#3705=CARTESIAN_POINT('',(0.0336162053704262,-0.150632888078689,0.00508));
#3706=CARTESIAN_POINT('',(0.0336162053704262,-0.12523288807869,0.00508));
#3707=CARTESIAN_POINT('',(0.0336162053704262,-0.12523288807869,0.));
#3708=CARTESIAN_POINT('',(0.0145662053704262,-0.10618288807869,0.));
#3709=CARTESIAN_POINT('',(-0.00889403356802905,-0.0777966584934965,0.004572));
#3710=CARTESIAN_POINT('',(-0.00889403356802905,-0.0777966584934965,0.00508));
#3711=CARTESIAN_POINT('',(-0.00709808096755136,-0.0762088874299505,0.004572));
#3712=CARTESIAN_POINT('',(-0.00709808096755136,-0.0762088874299505,0.00508));
#3713=CARTESIAN_POINT('',(-0.0016131231244131,-0.0717140798431233,0.004572));
#3714=CARTESIAN_POINT('',(-0.0016131231244131,-0.0717140798431233,0.00508));
#3715=CARTESIAN_POINT('',(0.00546574483786089,-0.0788024611319945,0.004572));
#3716=CARTESIAN_POINT('',(0.00546574483786089,-0.0788024611319945,0.00508));
#3717=CARTESIAN_POINT('',(0.0128358880093514,-0.0782955248762289,0.004572));
#3718=CARTESIAN_POINT('',(0.0128358880093514,-0.0782955248762289,0.00508));
#3719=CARTESIAN_POINT('',(0.0194929609133127,-0.0747064109085203,0.004572));
#3720=CARTESIAN_POINT('',(0.0194929609133127,-0.0747064109085203,0.00508));
#3721=CARTESIAN_POINT('',(0.0227711418704025,-0.0732334668501179,0.004572));
#3722=CARTESIAN_POINT('',(0.0227711418704025,-0.0732334668501179,0.00508));
#3723=CARTESIAN_POINT('',(0.0301294370671658,-0.0788950628334543,0.004572));
#3724=CARTESIAN_POINT('',(0.0301294370671658,-0.0788950628334543,0.00508));
#3725=CARTESIAN_POINT('',(0.0309465109642166,-0.0866451132335698,0.004572));
#3726=CARTESIAN_POINT('',(0.0309465109642166,-0.0866451132335698,0.00508));
#3727=CARTESIAN_POINT('',(0.0483586464372361,-0.0884191299347874,0.004572));
#3728=CARTESIAN_POINT('',(0.0483586464372361,-0.0884191299347874,0.00508));
#3729=CARTESIAN_POINT('',(0.0510235626823961,-0.0911000645412975,0.004572));
#3730=CARTESIAN_POINT('',(0.0510235626823961,-0.0911000645412975,0.00508));
#3731=CARTESIAN_POINT('',(0.0528739172796936,-0.0963742415708766,0.004572));
#3732=CARTESIAN_POINT('',(0.0528739172796936,-0.0963742415708766,0.00508));
#3733=CARTESIAN_POINT('',(0.0392549153145273,-0.101776066594964,0.004572));
#3734=CARTESIAN_POINT('',(0.0392549153145273,-0.101776066594964,0.00508));
#3735=CARTESIAN_POINT('',(0.0538580066557682,-0.126292294870133,0.004572));
#3736=CARTESIAN_POINT('',(0.0538580066557682,-0.126292294870133,0.00508));
#3737=CARTESIAN_POINT('',(0.0551033834772601,-0.130683859401237,0.004572));
#3738=CARTESIAN_POINT('',(0.0551033834772601,-0.130683859401237,0.00508));
#3739=CARTESIAN_POINT('',(0.0506823114808482,-0.141383705041208,0.004572));
#3740=CARTESIAN_POINT('',(0.0506823114808482,-0.141383705041208,0.00508));
#3741=CARTESIAN_POINT('',(0.037518044932338,-0.134419792358177,0.004572));
#3742=CARTESIAN_POINT('',(0.037518044932338,-0.134419792358177,0.00508));
#3743=CARTESIAN_POINT('',(0.0236698801665389,-0.141671393633737,0.004572));
#3744=CARTESIAN_POINT('',(0.0236698801665389,-0.141671393633737,0.00508));
#3745=CARTESIAN_POINT('',(0.0158524185277403,-0.144475063383134,0.004572));
#3746=CARTESIAN_POINT('',(0.0158524185277403,-0.144475063383134,0.00508));
#3747=CARTESIAN_POINT('',(0.00125326840821637,-0.137420422084476,0.004572));
#3748=CARTESIAN_POINT('',(0.00125326840821637,-0.137420422084476,0.00508));
#3749=CARTESIAN_POINT('',(-0.00552876761125993,-0.133347940781059,0.004572));
#3750=CARTESIAN_POINT('',(-0.00552876761125993,-0.133347940781059,0.00508));
#3751=CARTESIAN_POINT('',(-0.0168859434523335,-0.139635761214822,0.004572));
#3752=CARTESIAN_POINT('',(-0.0168859434523335,-0.139635761214822,0.00508));
#3753=CARTESIAN_POINT('',(-0.0237698405633658,-0.132772875950208,0.004572));
#3754=CARTESIAN_POINT('',(-0.0237698405633658,-0.132772875950208,0.00508));
#3755=CARTESIAN_POINT('',(-0.022980185009597,-0.122743958545113,0.004572));
#3756=CARTESIAN_POINT('',(-0.022980185009597,-0.122743958545113,0.00508));
#3757=CARTESIAN_POINT('',(-0.0187637494289594,-0.114815725945506,0.004572));
#3758=CARTESIAN_POINT('',(-0.0187637494289594,-0.114815725945506,0.00508));
#3759=CARTESIAN_POINT('',(-0.0127731156603018,-0.102713746261657,0.004572));
#3760=CARTESIAN_POINT('',(-0.0127731156603018,-0.102713746261657,0.00508));
#3761=CARTESIAN_POINT('',(-0.024370241559012,-0.0920840539857669,0.004572));
#3762=CARTESIAN_POINT('',(-0.024370241559012,-0.0920840539857669,0.00508));
#3763=CARTESIAN_POINT('',(-0.0227539922652168,-0.0788870189657368,0.004572));
#3764=CARTESIAN_POINT('',(-0.0227539922652168,-0.0788870189657368,0.00508));
#3765=CARTESIAN_POINT('',(-0.012192774323931,-0.0809425372769947,0.004572));
#3766=CARTESIAN_POINT('',(-0.012192774323931,-0.0809425372769947,0.00508));
#3767=CARTESIAN_POINT('',(-0.0102314705194351,-0.0789790636918268,0.004572));
#3768=CARTESIAN_POINT('',(-0.0102314705194351,-0.0789790636918268,0.00508));
#3769=CARTESIAN_POINT('',(-0.00889403356802905,-0.0777966584934965,0.004572));
#3770=CARTESIAN_POINT('',(-0.00889403356802905,-0.0777966584934965,0.00508));
#3771=CARTESIAN_POINT('',(-0.00482901744544506,-0.0870503187179565,0.004064));
#3772=CARTESIAN_POINT('',(-0.00482901744544506,-0.0870503187179565,0.004572));
#3773=CARTESIAN_POINT('',(-0.00472555327566376,-0.0870824428803155,0.004064));
#3774=CARTESIAN_POINT('',(-0.00472555327566376,-0.0870824428803155,0.004572));
#3775=CARTESIAN_POINT('',(-0.00445044226446903,-0.0871392593566827,0.004064));
#3776=CARTESIAN_POINT('',(-0.00445044226446903,-0.0871392593566827,0.004572));
#3777=CARTESIAN_POINT('',(-0.00139139856341,-0.0877843679052946,0.004064));
#3778=CARTESIAN_POINT('',(-0.00139139856341,-0.0877843679052946,0.004572));
#3779=CARTESIAN_POINT('',(0.00107144764735777,-0.0875837845054738,0.004064));
#3780=CARTESIAN_POINT('',(0.00107144764735777,-0.0875837845054738,0.004572));
#3781=CARTESIAN_POINT('',(0.00338180657637901,-0.0875770687426725,0.004064));
#3782=CARTESIAN_POINT('',(0.00338180657637901,-0.0875770687426725,0.004572));
#3783=CARTESIAN_POINT('',(0.00584347466229271,-0.0882944615879434,0.004064));
#3784=CARTESIAN_POINT('',(0.00584347466229271,-0.0882944615879434,0.004572));
#3785=CARTESIAN_POINT('',(0.00925393755232166,-0.0881460653946991,0.004064));
#3786=CARTESIAN_POINT('',(0.00925393755232166,-0.0881460653946991,0.004572));
#3787=CARTESIAN_POINT('',(0.0124111820395093,-0.0883072160597063,0.004064));
#3788=CARTESIAN_POINT('',(0.0124111820395093,-0.0883072160597063,0.004572));
#3789=CARTESIAN_POINT('',(0.0148061360908685,-0.087855530989994,0.004064));
#3790=CARTESIAN_POINT('',(0.0148061360908685,-0.087855530989994,0.004572));
#3791=CARTESIAN_POINT('',(0.0167124503413384,-0.0871256824724907,0.004064));
#3792=CARTESIAN_POINT('',(0.0167124503413384,-0.0871256824724907,0.004572));
#3793=CARTESIAN_POINT('',(0.0189366037901426,-0.0870914707301471,0.004064));
#3794=CARTESIAN_POINT('',(0.0189366037901426,-0.0870914707301471,0.004572));
#3795=CARTESIAN_POINT('',(0.0186982125975779,-0.0881607331942109,0.004064));
#3796=CARTESIAN_POINT('',(0.0186982125975779,-0.0881607331942109,0.004572));
#3797=CARTESIAN_POINT('',(0.0186695243365086,-0.0881208526454292,0.004064));
#3798=CARTESIAN_POINT('',(0.0186695243365086,-0.0881208526454292,0.004572));
#3799=CARTESIAN_POINT('',(0.0181749537787297,-0.0891662798857118,0.004064));
#3800=CARTESIAN_POINT('',(0.0181749537787297,-0.0891662798857118,0.004572));
#3801=CARTESIAN_POINT('',(0.0146942504730363,-0.0895312640226883,0.004064));
#3802=CARTESIAN_POINT('',(0.0146942504730363,-0.0895312640226883,0.004572));
#3803=CARTESIAN_POINT('',(0.0113653936195738,-0.0898517901378941,0.004064));
#3804=CARTESIAN_POINT('',(0.0113653936195738,-0.0898517901378941,0.004572));
#3805=CARTESIAN_POINT('',(0.010181463362616,-0.0897819322384381,0.004064));
#3806=CARTESIAN_POINT('',(0.010181463362616,-0.0897819322384381,0.004572));
#3807=CARTESIAN_POINT('',(0.00826768621424724,-0.0898651000450262,0.004064));
#3808=CARTESIAN_POINT('',(0.00826768621424724,-0.0898651000450262,0.004572));
#3809=CARTESIAN_POINT('',(0.00713603053186898,-0.0899911416295478,0.004064));
#3810=CARTESIAN_POINT('',(0.00713603053186898,-0.0899911416295478,0.004572));
#3811=CARTESIAN_POINT('',(0.00500432096874856,-0.0898992612681413,0.004064));
#3812=CARTESIAN_POINT('',(0.00500432096874856,-0.0898992612681413,0.004572));
#3813=CARTESIAN_POINT('',(0.00282825975117415,-0.0901295935246943,0.004064));
#3814=CARTESIAN_POINT('',(0.00282825975117415,-0.0901295935246943,0.004572));
#3815=CARTESIAN_POINT('',(-1.59647845687219E-5,-0.0897485873428478,0.004064));
#3816=CARTESIAN_POINT('',(-1.59647845687219E-5,-0.0897485873428478,0.004572));
#3817=CARTESIAN_POINT('',(-0.0023549330965346,-0.089743397298786,0.004064));
#3818=CARTESIAN_POINT('',(-0.0023549330965346,-0.089743397298786,0.004572));
#3819=CARTESIAN_POINT('',(-0.00467544009510618,-0.0888619104774181,0.004064));
#3820=CARTESIAN_POINT('',(-0.00467544009510618,-0.0888619104774181,0.004572));
#3821=CARTESIAN_POINT('',(-0.00637514680857683,-0.0883601053532369,0.004064));
#3822=CARTESIAN_POINT('',(-0.00637514680857683,-0.0883601053532369,0.004572));
#3823=CARTESIAN_POINT('',(-0.00665456161907839,-0.0865358686907923,0.004064));
#3824=CARTESIAN_POINT('',(-0.00665456161907839,-0.0865358686907923,0.004572));
#3825=CARTESIAN_POINT('',(-0.00540080326971842,-0.0868438617726333,0.004064));
#3826=CARTESIAN_POINT('',(-0.00540080326971842,-0.0868438617726333,0.004572));
#3827=CARTESIAN_POINT('',(-0.0049667244637575,-0.0870075626351156,0.004064));
#3828=CARTESIAN_POINT('',(-0.0049667244637575,-0.0870075626351156,0.004572));
#3829=CARTESIAN_POINT('',(-0.00482901744544506,-0.0870503187179565,0.004064));
#3830=CARTESIAN_POINT('',(-0.00482901744544506,-0.0870503187179565,0.004572));
#3831=CARTESIAN_POINT('',(-0.00482901744544506,-0.0870503187179565,0.004064));
#3832=CARTESIAN_POINT('',(-0.00472555327566376,-0.0870824428803155,0.004064));
#3833=CARTESIAN_POINT('',(-0.00445044226446903,-0.0871392593566827,0.004064));
#3834=CARTESIAN_POINT('',(-0.00139139856341,-0.0877843679052946,0.004064));
#3835=CARTESIAN_POINT('',(0.00107144764735777,-0.0875837845054738,0.004064));
#3836=CARTESIAN_POINT('',(0.00338180657637901,-0.0875770687426725,0.004064));
#3837=CARTESIAN_POINT('',(0.00584347466229271,-0.0882944615879434,0.004064));
#3838=CARTESIAN_POINT('',(0.00925393755232166,-0.0881460653946991,0.004064));
#3839=CARTESIAN_POINT('',(0.0124111820395093,-0.0883072160597063,0.004064));
#3840=CARTESIAN_POINT('',(0.0148061360908685,-0.087855530989994,0.004064));
#3841=CARTESIAN_POINT('',(0.0167124503413384,-0.0871256824724907,0.004064));
#3842=CARTESIAN_POINT('',(0.0189366037901426,-0.0870914707301471,0.004064));
#3843=CARTESIAN_POINT('',(0.0186982125975779,-0.0881607331942109,0.004064));
#3844=CARTESIAN_POINT('',(0.0186695243365086,-0.0881208526454292,0.004064));
#3845=CARTESIAN_POINT('',(0.0181749537787297,-0.0891662798857118,0.004064));
#3846=CARTESIAN_POINT('',(0.0146942504730363,-0.0895312640226883,0.004064));
#3847=CARTESIAN_POINT('',(0.0113653936195738,-0.0898517901378941,0.004064));
#3848=CARTESIAN_POINT('',(0.010181463362616,-0.0897819322384381,0.004064));
#3849=CARTESIAN_POINT('',(0.00826768621424724,-0.0898651000450262,0.004064));
#3850=CARTESIAN_POINT('',(0.00713603053186898,-0.0899911416295478,0.004064));
#3851=CARTESIAN_POINT('',(0.00500432096874856,-0.0898992612681413,0.004064));
#3852=CARTESIAN_POINT('',(0.00282825975117415,-0.0901295935246943,0.004064));
#3853=CARTESIAN_POINT('',(-1.59647845687219E-5,-0.0897485873428478,0.004064));
#3854=CARTESIAN_POINT('',(-0.0023549330965346,-0.089743397298786,0.004064));
#3855=CARTESIAN_POINT('',(-0.00467544009510618,-0.0888619104774181,0.004064));
#3856=CARTESIAN_POINT('',(-0.00637514680857683,-0.0883601053532369,0.004064));
#3857=CARTESIAN_POINT('',(-0.00665456161907839,-0.0865358686907923,0.004064));
#3858=CARTESIAN_POINT('',(-0.00540080326971842,-0.0868438617726333,0.004064));
#3859=CARTESIAN_POINT('',(-0.0049667244637575,-0.0870075626351156,0.004064));
#3860=CARTESIAN_POINT('',(-0.00482901744544506,-0.0870503187179565,0.004064));
#3861=CARTESIAN_POINT('',(-0.00482901744544506,-0.0870503187179565,0.004064));
#3862=CARTESIAN_POINT('',(0.00614102108553214,-0.0863418208512027,0.004064));
#3863=CARTESIAN_POINT('',(0.0154715124517679,-0.084968164563179,0.004064));
#3864=CARTESIAN_POINT('',(0.0154715124517679,-0.084968164563179,0.004064));
#3865=CARTESIAN_POINT('',(0.0162169424526071,-0.084968164563179,0.004064));
#3866=CARTESIAN_POINT('',(0.00614102108553214,-0.0863418208512027,0.004064));
#3867=CARTESIAN_POINT('',(0.,-0.0831828340888023,0.004064));
#3868=CARTESIAN_POINT('',(0.,-0.0831828340888023,0.004064));
#3869=CARTESIAN_POINT('',(0.000628785911091193,-0.0831828340888023,0.004064));
#3870=CARTESIAN_POINT('',(0.00614102108553214,-0.0863418208512027,0.004064));
#3871=MECHANICAL_DESIGN_GEOMETRIC_PRESENTATION_REPRESENTATION('',(#1377),
#3874);
#3872=MECHANICAL_DESIGN_GEOMETRIC_PRESENTATION_REPRESENTATION('',(#1378),
#3875);
#3873=MECHANICAL_DESIGN_GEOMETRIC_PRESENTATION_REPRESENTATION('',(#1379),
#3876);
#3874=(
GEOMETRIC_REPRESENTATION_CONTEXT(3)
GLOBAL_UNCERTAINTY_ASSIGNED_CONTEXT((#3877))
GLOBAL_UNIT_ASSIGNED_CONTEXT((#3886,#3883,#3880))
REPRESENTATION_CONTEXT('Part 1','TOP_LEVEL_ASSEMBLY_PART')
);
#3875=(
GEOMETRIC_REPRESENTATION_CONTEXT(3)
GLOBAL_UNCERTAINTY_ASSIGNED_CONTEXT((#3878))
GLOBAL_UNIT_ASSIGNED_CONTEXT((#3887,#3884,#3881))
REPRESENTATION_CONTEXT('Part 2','TOP_LEVEL_ASSEMBLY_PART')
);
#3876=(
GEOMETRIC_REPRESENTATION_CONTEXT(3)
GLOBAL_UNCERTAINTY_ASSIGNED_CONTEXT((#3879))
GLOBAL_UNIT_ASSIGNED_CONTEXT((#3888,#3885,#3882))
REPRESENTATION_CONTEXT('Part 3','TOP_LEVEL_ASSEMBLY_PART')
);
#3877=UNCERTAINTY_MEASURE_WITH_UNIT(LENGTH_MEASURE(6.3E-5),#3886,
'DISTANCE_ACCURACY_VALUE','Maximum Tolerance applied to model');
#3878=UNCERTAINTY_MEASURE_WITH_UNIT(LENGTH_MEASURE(1.E-8),#3887,
'DISTANCE_ACCURACY_VALUE','Maximum Tolerance applied to model');
#3879=UNCERTAINTY_MEASURE_WITH_UNIT(LENGTH_MEASURE(2.E-5),#3888,
'DISTANCE_ACCURACY_VALUE','Maximum Tolerance applied to model');
#3880=(
NAMED_UNIT(*)
SI_UNIT($,.STERADIAN.)
SOLID_ANGLE_UNIT()
);
#3881=(
NAMED_UNIT(*)
SI_UNIT($,.STERADIAN.)
SOLID_ANGLE_UNIT()
);
#3882=(
NAMED_UNIT(*)
SI_UNIT($,.STERADIAN.)
SOLID_ANGLE_UNIT()
);
#3883=(
NAMED_UNIT(*)
PLANE_ANGLE_UNIT()
SI_UNIT($,.RADIAN.)
);
#3884=(
NAMED_UNIT(*)
PLANE_ANGLE_UNIT()
SI_UNIT($,.RADIAN.)
);
#3885=(
NAMED_UNIT(*)
PLANE_ANGLE_UNIT()
SI_UNIT($,.RADIAN.)
);
#3886=(
LENGTH_UNIT()
NAMED_UNIT(*)
SI_UNIT($,.METRE.)
);
#3887=(
LENGTH_UNIT()
NAMED_UNIT(*)
SI_UNIT($,.METRE.)
);
#3888=(
LENGTH_UNIT()
NAMED_UNIT(*)
SI_UNIT($,.METRE.)
);
#3889=PRODUCT_DEFINITION_SHAPE('','',#3892);
#3890=PRODUCT_DEFINITION_SHAPE('','',#3893);
#3891=PRODUCT_DEFINITION_SHAPE('','',#3894);
#3892=PRODUCT_DEFINITION('','',#3898,#3895);
#3893=PRODUCT_DEFINITION('','',#3899,#3896);
#3894=PRODUCT_DEFINITION('','',#3900,#3897);
#3895=PRODUCT_DEFINITION_CONTEXT('',#3916,'design');
#3896=PRODUCT_DEFINITION_CONTEXT('',#3917,'design');
#3897=PRODUCT_DEFINITION_CONTEXT('',#3918,'design');
#3898=PRODUCT_DEFINITION_FORMATION_WITH_SPECIFIED_SOURCE('','',#3904,
 .NOT_KNOWN.);
#3899=PRODUCT_DEFINITION_FORMATION_WITH_SPECIFIED_SOURCE('','',#3905,
 .NOT_KNOWN.);
#3900=PRODUCT_DEFINITION_FORMATION_WITH_SPECIFIED_SOURCE('','',#3906,
 .NOT_KNOWN.);
#3901=PRODUCT_RELATED_PRODUCT_CATEGORY('','',(#3904));
#3902=PRODUCT_RELATED_PRODUCT_CATEGORY('','',(#3905));
#3903=PRODUCT_RELATED_PRODUCT_CATEGORY('','',(#3906));
#3904=PRODUCT('Part 1','Part 1','Part 1',(#3910));
#3905=PRODUCT('Part 2','Part 2','Part 2',(#3911));
#3906=PRODUCT('Part 3','Part 3','Part 3',(#3912));
#3907=PRODUCT_CATEGORY('','');
#3908=PRODUCT_CATEGORY('','');
#3909=PRODUCT_CATEGORY('','');
#3910=PRODUCT_CONTEXT('',#3916,'mechanical');
#3911=PRODUCT_CONTEXT('',#3917,'mechanical');
#3912=PRODUCT_CONTEXT('',#3918,'mechanical');
#3913=APPLICATION_PROTOCOL_DEFINITION('international standard',
'ap242_managed_model_based_3d_engineering',2020,#3916);
#3914=APPLICATION_PROTOCOL_DEFINITION('international standard',
'ap242_managed_model_based_3d_engineering',2020,#3917);
#3915=APPLICATION_PROTOCOL_DEFINITION('international standard',
'ap242_managed_model_based_3d_engineering',2020,#3918);
#3916=APPLICATION_CONTEXT('managed model based 3d engineering');
#3917=APPLICATION_CONTEXT('managed model based 3d engineering');
#3918=APPLICATION_CONTEXT('managed model based 3d engineering');
ENDSEC;
END-ISO-10303-21;
